model_name,dataset_name,scenario,metric_name,bootstrap_full_sample_estimate,bootstrap_CI_lower,bootstrap_CI_upper,n_resamples_requested,n_resamples_valid,n_resamples_skipped,cluster_id_used,cluster_level,point_source
P15_clinically_parsimonious_transport_model,mimic_internal,primary_model,AUROC,0.7976593393837257,0.7828078937598131,0.8128821829613658,1000,1000,0,patient_id,patient-level,frozen_model_file_plus_authoritative_table
P15_clinically_parsimonious_transport_model,mimic_internal,primary_model,AUPRC,0.19822890757280048,0.17720278234120532,0.219670809708665,1000,1000,0,patient_id,patient-level,frozen_model_file_plus_authoritative_table
P15_clinically_parsimonious_transport_model,mimic_internal,primary_model,death_Brier,0.08654074944399762,0.08285243160869475,0.09080561739383643,1000,1000,0,patient_id,patient-level,frozen_model_file_plus_authoritative_table
P15_clinically_parsimonious_transport_model,mimic_internal,primary_model,multiclass_Brier,0.584326729270786,0.5784527542185102,0.5907422447935099,1000,1000,0,patient_id,patient-level,frozen_model_file_plus_authoritative_table
P15_clinically_parsimonious_transport_model,mimic_internal,primary_model,calibration_intercept,-3.105163405233885,-3.191861374870506,-3.0286714917747095,1000,1000,0,patient_id,patient-level,frozen_model_file_plus_authoritative_table
P15_clinically_parsimonious_transport_model,mimic_internal,primary_model,calibration_slope,1.0634932816320717,1.004261647320219,1.1094564751403793,1000,1000,0,patient_id,patient-level,frozen_model_file_plus_authoritative_table
P15_clinically_parsimonious_transport_model,mimic_internal,primary_model,ECE,0.22063448580427603,0.21501658674517496,0.22672820881567346,1000,1000,0,patient_id,patient-level,frozen_model_file_plus_authoritative_table
P12_true_trained_clinical_landing_model,mimic_internal,primary_model,AUROC,0.7929667829809194,0.7777620008686132,0.8072741359023854,1000,1000,0,patient_id,patient-level,frozen_model_file_plus_authoritative_table
P12_true_trained_clinical_landing_model,mimic_internal,primary_model,AUPRC,0.17849909099555097,0.15896956553884212,0.20022960345410581,1000,1000,0,patient_id,patient-level,frozen_model_file_plus_authoritative_table
P12_true_trained_clinical_landing_model,mimic_internal,primary_model,death_Brier,0.09133470406826366,0.08755861864001505,0.09569317118251033,1000,1000,0,patient_id,patient-level,frozen_model_file_plus_authoritative_table
P12_true_trained_clinical_landing_model,mimic_internal,primary_model,multiclass_Brier,0.5991451406393306,0.5938431341182431,0.6053630444580208,1000,1000,0,patient_id,patient-level,frozen_model_file_plus_authoritative_table
P12_true_trained_clinical_landing_model,mimic_internal,primary_model,calibration_intercept,-3.1595470249116566,-3.241770860465396,-3.085256351373622,1000,1000,0,patient_id,patient-level,frozen_model_file_plus_authoritative_table
P12_true_trained_clinical_landing_model,mimic_internal,primary_model,calibration_slope,1.0371899136865959,0.9817127987497792,1.0840590495609674,1000,1000,0,patient_id,patient-level,frozen_model_file_plus_authoritative_table
P12_true_trained_clinical_landing_model,mimic_internal,primary_model,ECE,0.22943075115370087,0.22400105035121823,0.23572481291028813,1000,1000,0,patient_id,patient-level,frozen_model_file_plus_authoritative_table
P10_true_trained_ultra_minimal_sensitivity_model,mimic_internal,primary_model,AUROC,0.786416475648098,0.7713971577649359,0.8013609149196115,1000,1000,0,patient_id,patient-level,frozen_model_file_plus_authoritative_table
P10_true_trained_ultra_minimal_sensitivity_model,mimic_internal,primary_model,AUPRC,0.1732470906358961,0.15417492944851793,0.1948056374933636,1000,1000,0,patient_id,patient-level,frozen_model_file_plus_authoritative_table
P10_true_trained_ultra_minimal_sensitivity_model,mimic_internal,primary_model,death_Brier,0.09161963688251339,0.08818219014580846,0.09561701676737404,1000,1000,0,patient_id,patient-level,frozen_model_file_plus_authoritative_table
P10_true_trained_ultra_minimal_sensitivity_model,mimic_internal,primary_model,multiclass_Brier,0.6009865902642728,0.595523583693563,0.607227985381878,1000,1000,0,patient_id,patient-level,frozen_model_file_plus_authoritative_table
P10_true_trained_ultra_minimal_sensitivity_model,mimic_internal,primary_model,calibration_intercept,-3.1466611988915005,-3.225299090045975,-3.073814289722737,1000,1000,0,patient_id,patient-level,frozen_model_file_plus_authoritative_table
P10_true_trained_ultra_minimal_sensitivity_model,mimic_internal,primary_model,calibration_slope,1.0391359735061247,0.9847543903639072,1.0865073701136494,1000,1000,0,patient_id,patient-level,frozen_model_file_plus_authoritative_table
P10_true_trained_ultra_minimal_sensitivity_model,mimic_internal,primary_model,ECE,0.23005543803205064,0.22495500527753018,0.23588851355010917,1000,1000,0,patient_id,patient-level,frozen_model_file_plus_authoritative_table
MT3_Post_METRE_transport_reference_model,mimic_internal,primary_model,AUROC,0.805345794028386,0.7913191932606234,0.8200109558462794,1000,1000,0,patient_id,patient-level,frozen_model_file_plus_authoritative_table
MT3_Post_METRE_transport_reference_model,mimic_internal,primary_model,AUPRC,0.2052511028741349,0.1835252455075459,0.2273132311875891,1000,1000,0,patient_id,patient-level,frozen_model_file_plus_authoritative_table
MT3_Post_METRE_transport_reference_model,mimic_internal,primary_model,death_Brier,0.08469201824950068,0.08124375854981751,0.08873989338875285,1000,1000,0,patient_id,patient-level,frozen_model_file_plus_authoritative_table
MT3_Post_METRE_transport_reference_model,mimic_internal,primary_model,multiclass_Brier,0.5757758825650109,0.5701448239546328,0.5825030191603224,1000,1000,0,patient_id,patient-level,frozen_model_file_plus_authoritative_table
MT3_Post_METRE_transport_reference_model,mimic_internal,primary_model,calibration_intercept,-3.0944623501838024,-3.179459597210015,-3.0204408915439123,1000,1000,0,patient_id,patient-level,frozen_model_file_plus_authoritative_table
MT3_Post_METRE_transport_reference_model,mimic_internal,primary_model,calibration_slope,1.0579850757693698,0.9983457561749435,1.1024326851764814,1000,1000,0,patient_id,patient-level,frozen_model_file_plus_authoritative_table
MT3_Post_METRE_transport_reference_model,mimic_internal,primary_model,ECE,0.21535148710946794,0.20988682589161323,0.2211223618620226,1000,1000,0,patient_id,patient-level,frozen_model_file_plus_authoritative_table
P15_clinically_parsimonious_transport_model,eicu_external,primary_model,AUROC,0.8102778903274425,0.7963439206965869,0.8232339503024773,1000,1000,0,patient_id,patient-level,frozen_model_file_plus_authoritative_table
P15_clinically_parsimonious_transport_model,eicu_external,primary_model,AUPRC,0.1891883359451771,0.16812688882392224,0.211591489309093,1000,1000,0,patient_id,patient-level,frozen_model_file_plus_authoritative_table
P15_clinically_parsimonious_transport_model,eicu_external,primary_model,death_Brier,0.08471399237194847,0.0818236178774964,0.08811340947726705,1000,1000,0,patient_id,patient-level,frozen_model_file_plus_authoritative_table
P15_clinically_parsimonious_transport_model,eicu_external,primary_model,multiclass_Brier,0.5524002516470321,0.546052923699015,0.5583261729713114,1000,1000,0,patient_id,patient-level,frozen_model_file_plus_authoritative_table
P15_clinically_parsimonious_transport_model,eicu_external,primary_model,calibration_intercept,-3.080092968732493,-3.168194949185324,-3.014083065612648,1000,1000,0,patient_id,patient-level,frozen_model_file_plus_authoritative_table
P15_clinically_parsimonious_transport_model,eicu_external,primary_model,calibration_slope,1.0030546274076915,0.941324915663837,1.058383574672345,1000,1000,0,patient_id,patient-level,frozen_model_file_plus_authoritative_table
P15_clinically_parsimonious_transport_model,eicu_external,primary_model,ECE,0.21948576528533972,0.215388909290883,0.2245027929122324,1000,1000,0,patient_id,patient-level,frozen_model_file_plus_authoritative_table
P12_true_trained_clinical_landing_model,eicu_external,primary_model,AUROC,0.803802182291309,0.7897441843347274,0.8166174675104577,1000,1000,0,patient_id,patient-level,frozen_model_file_plus_authoritative_table
P12_true_trained_clinical_landing_model,eicu_external,primary_model,AUPRC,0.17673447307711493,0.15756658090805598,0.19764521907418897,1000,1000,0,patient_id,patient-level,frozen_model_file_plus_authoritative_table
P12_true_trained_clinical_landing_model,eicu_external,primary_model,death_Brier,0.09504238760053799,0.09178801415065659,0.09903067952065882,1000,1000,0,patient_id,patient-level,frozen_model_file_plus_authoritative_table
P12_true_trained_clinical_landing_model,eicu_external,primary_model,multiclass_Brier,0.5823965860187214,0.577203572479281,0.5878510191723119,1000,1000,0,patient_id,patient-level,frozen_model_file_plus_authoritative_table
P12_true_trained_clinical_landing_model,eicu_external,primary_model,calibration_intercept,-3.173816101282646,-3.261118361132687,-3.107716119081845,1000,1000,0,patient_id,patient-level,frozen_model_file_plus_authoritative_table
P12_true_trained_clinical_landing_model,eicu_external,primary_model,calibration_slope,1.00997178916976,0.9475955625661882,1.0655236664946628,1000,1000,0,patient_id,patient-level,frozen_model_file_plus_authoritative_table
P12_true_trained_clinical_landing_model,eicu_external,primary_model,ECE,0.23892869859926108,0.23440390834762542,0.2446490126939763,1000,1000,0,patient_id,patient-level,frozen_model_file_plus_authoritative_table
P10_true_trained_ultra_minimal_sensitivity_model,eicu_external,primary_model,AUROC,0.7977562674402091,0.7833785792096832,0.8107582947762925,1000,1000,0,patient_id,patient-level,frozen_model_file_plus_authoritative_table
P10_true_trained_ultra_minimal_sensitivity_model,eicu_external,primary_model,AUPRC,0.17110631233337878,0.15260048794625541,0.1920866266966303,1000,1000,0,patient_id,patient-level,frozen_model_file_plus_authoritative_table
P10_true_trained_ultra_minimal_sensitivity_model,eicu_external,primary_model,death_Brier,0.09202886450382781,0.08880648666966008,0.09582874790773098,1000,1000,0,patient_id,patient-level,frozen_model_file_plus_authoritative_table
P10_true_trained_ultra_minimal_sensitivity_model,eicu_external,primary_model,multiclass_Brier,0.5852221883900901,0.5800301264390225,0.5906702295459783,1000,1000,0,patient_id,patient-level,frozen_model_file_plus_authoritative_table
P10_true_trained_ultra_minimal_sensitivity_model,eicu_external,primary_model,calibration_intercept,-3.1233281760063956,-3.2126073353073874,-3.0540278083498023,1000,1000,0,patient_id,patient-level,frozen_model_file_plus_authoritative_table
P10_true_trained_ultra_minimal_sensitivity_model,eicu_external,primary_model,calibration_slope,1.0132535819726045,0.9542482334174383,1.0720331400630425,1000,1000,0,patient_id,patient-level,frozen_model_file_plus_authoritative_table
P10_true_trained_ultra_minimal_sensitivity_model,eicu_external,primary_model,ECE,0.2338167927629851,0.22910879056971736,0.23965220352170835,1000,1000,0,patient_id,patient-level,frozen_model_file_plus_authoritative_table
MT3_Post_METRE_transport_reference_model,eicu_external,primary_model,AUROC,0.8090071140511993,0.795045287365869,0.8217727815556999,1000,1000,0,patient_id,patient-level,frozen_model_file_plus_authoritative_table
MT3_Post_METRE_transport_reference_model,eicu_external,primary_model,AUPRC,0.18632454288388323,0.16491713744685269,0.20768614524432744,1000,1000,0,patient_id,patient-level,frozen_model_file_plus_authoritative_table
MT3_Post_METRE_transport_reference_model,eicu_external,primary_model,death_Brier,0.09930835634182739,0.09579329373202904,0.10334481626414921,1000,1000,0,patient_id,patient-level,frozen_model_file_plus_authoritative_table
MT3_Post_METRE_transport_reference_model,eicu_external,primary_model,multiclass_Brier,0.5926737670360296,0.5863576251876452,0.5997550031203255,1000,1000,0,patient_id,patient-level,frozen_model_file_plus_authoritative_table
MT3_Post_METRE_transport_reference_model,eicu_external,primary_model,calibration_intercept,-3.2569815271443083,-3.339149238969795,-3.192274314562562,1000,1000,0,patient_id,patient-level,frozen_model_file_plus_authoritative_table
MT3_Post_METRE_transport_reference_model,eicu_external,primary_model,calibration_slope,0.96515082550835,0.908232220148423,1.014371832432257,1000,1000,0,patient_id,patient-level,frozen_model_file_plus_authoritative_table
MT3_Post_METRE_transport_reference_model,eicu_external,primary_model,ECE,0.24045797354224113,0.23577322689597735,0.24588795459904106,1000,1000,0,patient_id,patient-level,frozen_model_file_plus_authoritative_table
M1_internal_rich_reference_model,mimic_internal,primary_model,AUROC,0.8706060787754399,0.8605593543377531,0.8807473815677915,1000,1000,0,patient_id,patient-level,existing_prediction_parquet_plus_authoritative_table
M1_internal_rich_reference_model,mimic_internal,primary_model,AUPRC,0.27329018706990316,0.2480213338900946,0.2999917579937161,1000,1000,0,patient_id,patient-level,existing_prediction_parquet_plus_authoritative_table
M1_internal_rich_reference_model,mimic_internal,primary_model,death_Brier,0.0822693674923373,0.07879281691362452,0.08585217120945438,1000,1000,0,patient_id,patient-level,existing_prediction_parquet_plus_authoritative_table
M1_internal_rich_reference_model,mimic_internal,primary_model,multiclass_Brier,0.4672366844800886,0.45821543147678984,0.47708615870204457,1000,1000,0,patient_id,patient-level,existing_prediction_parquet_plus_authoritative_table
M1_internal_rich_reference_model,mimic_internal,primary_model,calibration_intercept,-3.273295275529093,-3.349702691017836,-3.1955881901049352,1000,1000,0,patient_id,patient-level,existing_prediction_parquet_plus_authoritative_table
M1_internal_rich_reference_model,mimic_internal,primary_model,calibration_slope,0.895665295468659,0.8487395824698648,0.9321188951073561,1000,1000,0,patient_id,patient-level,existing_prediction_parquet_plus_authoritative_table
M1_internal_rich_reference_model,mimic_internal,primary_model,ECE,0.18593544902724385,0.180567368849718,0.1910685237443613,1000,1000,0,patient_id,patient-level,existing_prediction_parquet_plus_authoritative_table
M1_internal_rich_reference_model,eicu_external,primary_model,AUROC,0.7089960270014994,0.6920550319617024,0.723860996632785,1000,1000,0,patient_id,patient-level,existing_prediction_parquet_plus_authoritative_table
M1_internal_rich_reference_model,eicu_external,primary_model,AUPRC,0.03768808266607347,0.03387938725839306,0.041365757915737066,1000,1000,0,patient_id,patient-level,existing_prediction_parquet_plus_authoritative_table
M1_internal_rich_reference_model,eicu_external,primary_model,death_Brier,0.25697585723536326,0.24477361949644857,0.27036253360556695,1000,1000,0,patient_id,patient-level,existing_prediction_parquet_plus_authoritative_table
M1_internal_rich_reference_model,eicu_external,primary_model,multiclass_Brier,0.8788226425612441,0.8610563617917758,0.9001520861156925,1000,1000,0,patient_id,patient-level,existing_prediction_parquet_plus_authoritative_table
M1_internal_rich_reference_model,eicu_external,primary_model,calibration_intercept,-3.876280772129801,-61113756.72004666,-1696983.7880761155,1000,1000,0,patient_id,patient-level,existing_prediction_parquet_plus_authoritative_table
M1_internal_rich_reference_model,eicu_external,primary_model,calibration_slope,0.07282813447500927,-55008230.68176477,-1369878.519241678,1000,1000,0,patient_id,patient-level,existing_prediction_parquet_plus_authoritative_table
M1_internal_rich_reference_model,eicu_external,primary_model,ECE,0.3718818370420791,0.3611675728145306,0.38381137477544885,1000,1000,0,patient_id,patient-level,existing_prediction_parquet_plus_authoritative_table
C1_dynamic_SOFA_clinical_comparator,mimic_internal,primary_model,AUROC,0.7623211132262806,0.7463709143268904,0.7777895313674736,1000,1000,0,patient_id,patient-level,existing_prediction_parquet_plus_authoritative_table
C1_dynamic_SOFA_clinical_comparator,mimic_internal,primary_model,AUPRC,0.10638629667868578,0.09169849855595084,0.12206358804694603,1000,1000,0,patient_id,patient-level,existing_prediction_parquet_plus_authoritative_table
C1_dynamic_SOFA_clinical_comparator,mimic_internal,primary_model,death_Brier,0.11595911399219966,0.11220877493550141,0.12007130811798099,1000,1000,0,patient_id,patient-level,existing_prediction_parquet_plus_authoritative_table
C1_dynamic_SOFA_clinical_comparator,mimic_internal,primary_model,multiclass_Brier,0.5585232725241237,0.5504981473713744,0.5679241116892215,1000,1000,0,patient_id,patient-level,existing_prediction_parquet_plus_authoritative_table
C1_dynamic_SOFA_clinical_comparator,mimic_internal,primary_model,calibration_intercept,-3.3189832838193,-3.3858554149816125,-3.245268355096063,1000,1000,0,patient_id,patient-level,existing_prediction_parquet_plus_authoritative_table
C1_dynamic_SOFA_clinical_comparator,mimic_internal,primary_model,calibration_slope,0.9323290074210878,0.8700779109495984,0.995323622430705,1000,1000,0,patient_id,patient-level,existing_prediction_parquet_plus_authoritative_table
C1_dynamic_SOFA_clinical_comparator,mimic_internal,primary_model,ECE,0.26089194052454323,0.25554813003459914,0.2660304467716741,1000,1000,0,patient_id,patient-level,existing_prediction_parquet_plus_authoritative_table
C1_dynamic_SOFA_clinical_comparator,eicu_external,primary_model,AUROC,0.7253473181676158,0.7082484711814176,0.741957578020345,1000,1000,0,patient_id,patient-level,existing_prediction_parquet_plus_authoritative_table
C1_dynamic_SOFA_clinical_comparator,eicu_external,primary_model,AUPRC,0.06686175894737584,0.056986843279018054,0.07680417801478084,1000,1000,0,patient_id,patient-level,existing_prediction_parquet_plus_authoritative_table
C1_dynamic_SOFA_clinical_comparator,eicu_external,primary_model,death_Brier,0.12325934589325836,0.11738503939792112,0.13079671294258757,1000,1000,0,patient_id,patient-level,existing_prediction_parquet_plus_authoritative_table
C1_dynamic_SOFA_clinical_comparator,eicu_external,primary_model,multiclass_Brier,0.8256609410276378,0.8189150373584725,0.8330237172938703,1000,1000,0,patient_id,patient-level,existing_prediction_parquet_plus_authoritative_table
C1_dynamic_SOFA_clinical_comparator,eicu_external,primary_model,calibration_intercept,-3.5126092556619892,-3.5892243464115166,-3.4436665665150175,1000,1000,0,patient_id,patient-level,existing_prediction_parquet_plus_authoritative_table
C1_dynamic_SOFA_clinical_comparator,eicu_external,primary_model,calibration_slope,0.49193470537050843,0.45558328354019195,0.5263212872860003,1000,1000,0,patient_id,patient-level,existing_prediction_parquet_plus_authoritative_table
C1_dynamic_SOFA_clinical_comparator,eicu_external,primary_model,ECE,0.25642369631149226,0.2496257595305877,0.26509763848944934,1000,1000,0,patient_id,patient-level,existing_prediction_parquet_plus_authoritative_table
P15_clinically_parsimonious_transport_model,eicu_external,current_latest_value_reference,AUROC,0.8102778903274425,0.7963439206965869,0.8232339503024773,1000,1000,0,patient_id,patient-level,lab_freshness_authoritative_table
P15_clinically_parsimonious_transport_model,eicu_external,current_latest_value_reference,AUPRC,0.1891883359451771,0.16812688882392224,0.211591489309093,1000,1000,0,patient_id,patient-level,lab_freshness_authoritative_table
P15_clinically_parsimonious_transport_model,eicu_external,current_latest_value_reference,death_Brier,0.08471399237194847,0.0818236178774964,0.08811340947726705,1000,1000,0,patient_id,patient-level,lab_freshness_authoritative_table
P15_clinically_parsimonious_transport_model,eicu_external,current_latest_value_reference,multiclass_Brier,0.5524002516470321,0.546052923699015,0.5583261729713114,1000,1000,0,patient_id,patient-level,lab_freshness_authoritative_table
P15_clinically_parsimonious_transport_model,eicu_external,current_latest_value_reference,calibration_intercept,-3.080092968732493,-3.168194949185324,-3.014083065612648,1000,1000,0,patient_id,patient-level,lab_freshness_authoritative_table
P15_clinically_parsimonious_transport_model,eicu_external,current_latest_value_reference,calibration_slope,1.0030546274076915,0.941324915663837,1.058383574672345,1000,1000,0,patient_id,patient-level,lab_freshness_authoritative_table
P15_clinically_parsimonious_transport_model,eicu_external,current_latest_value_reference,ECE,0.21948576528533972,0.215388909290883,0.2245027929122324,1000,1000,0,patient_id,patient-level,lab_freshness_authoritative_table
P12_true_trained_clinical_landing_model,eicu_external,current_latest_value_reference,AUROC,0.803802182291309,0.7897441843347274,0.8166174675104577,1000,1000,0,patient_id,patient-level,lab_freshness_authoritative_table
P12_true_trained_clinical_landing_model,eicu_external,current_latest_value_reference,AUPRC,0.17673447307711493,0.15756658090805598,0.19764521907418897,1000,1000,0,patient_id,patient-level,lab_freshness_authoritative_table
P12_true_trained_clinical_landing_model,eicu_external,current_latest_value_reference,death_Brier,0.09504238760053799,0.09178801415065659,0.09903067952065882,1000,1000,0,patient_id,patient-level,lab_freshness_authoritative_table
P12_true_trained_clinical_landing_model,eicu_external,current_latest_value_reference,multiclass_Brier,0.5823965860187214,0.577203572479281,0.5878510191723119,1000,1000,0,patient_id,patient-level,lab_freshness_authoritative_table
P12_true_trained_clinical_landing_model,eicu_external,current_latest_value_reference,calibration_intercept,-3.173816101282646,-3.261118361132687,-3.107716119081845,1000,1000,0,patient_id,patient-level,lab_freshness_authoritative_table
P12_true_trained_clinical_landing_model,eicu_external,current_latest_value_reference,calibration_slope,1.00997178916976,0.9475955625661882,1.0655236664946628,1000,1000,0,patient_id,patient-level,lab_freshness_authoritative_table
P12_true_trained_clinical_landing_model,eicu_external,current_latest_value_reference,ECE,0.23892869859926108,0.23440390834762542,0.2446490126939763,1000,1000,0,patient_id,patient-level,lab_freshness_authoritative_table
P10_true_trained_ultra_minimal_sensitivity_model,eicu_external,current_latest_value_reference,AUROC,0.7977562674402091,0.7833785792096832,0.8107582947762925,1000,1000,0,patient_id,patient-level,lab_freshness_authoritative_table
P10_true_trained_ultra_minimal_sensitivity_model,eicu_external,current_latest_value_reference,AUPRC,0.17110631233337878,0.15260048794625541,0.1920866266966303,1000,1000,0,patient_id,patient-level,lab_freshness_authoritative_table
P10_true_trained_ultra_minimal_sensitivity_model,eicu_external,current_latest_value_reference,death_Brier,0.09202886450382781,0.08880648666966008,0.09582874790773098,1000,1000,0,patient_id,patient-level,lab_freshness_authoritative_table
P10_true_trained_ultra_minimal_sensitivity_model,eicu_external,current_latest_value_reference,multiclass_Brier,0.5852221883900901,0.5800301264390225,0.5906702295459783,1000,1000,0,patient_id,patient-level,lab_freshness_authoritative_table
P10_true_trained_ultra_minimal_sensitivity_model,eicu_external,current_latest_value_reference,calibration_intercept,-3.1233281760063956,-3.2126073353073874,-3.0540278083498023,1000,1000,0,patient_id,patient-level,lab_freshness_authoritative_table
P10_true_trained_ultra_minimal_sensitivity_model,eicu_external,current_latest_value_reference,calibration_slope,1.0132535819726045,0.9542482334174383,1.0720331400630425,1000,1000,0,patient_id,patient-level,lab_freshness_authoritative_table
P10_true_trained_ultra_minimal_sensitivity_model,eicu_external,current_latest_value_reference,ECE,0.2338167927629851,0.22910879056971736,0.23965220352170835,1000,1000,0,patient_id,patient-level,lab_freshness_authoritative_table
P15_clinically_parsimonious_transport_model,eicu_external,lab12h_freshness_window,AUROC,0.7846614186847278,0.7706364324444402,0.797667860405124,1000,1000,0,patient_id,patient-level,lab_freshness_authoritative_table
P15_clinically_parsimonious_transport_model,eicu_external,lab12h_freshness_window,AUPRC,0.1673804717186871,0.14763338000990583,0.18786645209032188,1000,1000,0,patient_id,patient-level,lab_freshness_authoritative_table
P15_clinically_parsimonious_transport_model,eicu_external,lab12h_freshness_window,death_Brier,0.07536933649849661,0.07286190108442817,0.07826387301102038,1000,1000,0,patient_id,patient-level,lab_freshness_authoritative_table
P15_clinically_parsimonious_transport_model,eicu_external,lab12h_freshness_window,multiclass_Brier,0.5465312884394172,0.5402045216342417,0.5524842773272719,1000,1000,0,patient_id,patient-level,lab_freshness_authoritative_table
P15_clinically_parsimonious_transport_model,eicu_external,lab12h_freshness_window,calibration_intercept,-2.9445585428904018,-3.0366594299202125,-2.874504108213255,1000,1000,0,patient_id,patient-level,lab_freshness_authoritative_table
P15_clinically_parsimonious_transport_model,eicu_external,lab12h_freshness_window,calibration_slope,0.9778846111392281,0.9165095846890154,1.0292843131693519,1000,1000,0,patient_id,patient-level,lab_freshness_authoritative_table
P15_clinically_parsimonious_transport_model,eicu_external,lab12h_freshness_window,ECE,0.20385280985209753,0.20020096136713783,0.20842854353048626,1000,1000,0,patient_id,patient-level,lab_freshness_authoritative_table
P12_true_trained_clinical_landing_model,eicu_external,lab12h_freshness_window,AUROC,0.7766515982695815,0.7628531464452496,0.7892972313350802,1000,1000,0,patient_id,patient-level,lab_freshness_authoritative_table
P12_true_trained_clinical_landing_model,eicu_external,lab12h_freshness_window,AUPRC,0.1544821400329509,0.13657594116842178,0.17330613177742948,1000,1000,0,patient_id,patient-level,lab_freshness_authoritative_table
P12_true_trained_clinical_landing_model,eicu_external,lab12h_freshness_window,death_Brier,0.08696212817697922,0.08405571167278718,0.09045421504244719,1000,1000,0,patient_id,patient-level,lab_freshness_authoritative_table
P12_true_trained_clinical_landing_model,eicu_external,lab12h_freshness_window,multiclass_Brier,0.5782562278572367,0.5730877443719493,0.5835120778268029,1000,1000,0,patient_id,patient-level,lab_freshness_authoritative_table
P12_true_trained_clinical_landing_model,eicu_external,lab12h_freshness_window,calibration_intercept,-3.076007032314417,-3.166733474895518,-3.005923666934889,1000,1000,0,patient_id,patient-level,lab_freshness_authoritative_table
P12_true_trained_clinical_landing_model,eicu_external,lab12h_freshness_window,calibration_slope,0.9578412178603608,0.8987290059397411,1.0091060228566406,1000,1000,0,patient_id,patient-level,lab_freshness_authoritative_table
P12_true_trained_clinical_landing_model,eicu_external,lab12h_freshness_window,ECE,0.22538011346785228,0.22110948601830274,0.23075863123250998,1000,1000,0,patient_id,patient-level,lab_freshness_authoritative_table
P10_true_trained_ultra_minimal_sensitivity_model,eicu_external,lab12h_freshness_window,AUROC,0.7743465702155901,0.7601883992579529,0.786967647010074,1000,1000,0,patient_id,patient-level,lab_freshness_authoritative_table
P10_true_trained_ultra_minimal_sensitivity_model,eicu_external,lab12h_freshness_window,AUPRC,0.1498163818190498,0.13238045403058818,0.16790974020756197,1000,1000,0,patient_id,patient-level,lab_freshness_authoritative_table
P10_true_trained_ultra_minimal_sensitivity_model,eicu_external,lab12h_freshness_window,death_Brier,0.08781199770038398,0.08479718073272843,0.09140945056226323,1000,1000,0,patient_id,patient-level,lab_freshness_authoritative_table
P10_true_trained_ultra_minimal_sensitivity_model,eicu_external,lab12h_freshness_window,multiclass_Brier,0.5846160641534753,0.5794183844668734,0.5900590541957388,1000,1000,0,patient_id,patient-level,lab_freshness_authoritative_table
P10_true_trained_ultra_minimal_sensitivity_model,eicu_external,lab12h_freshness_window,calibration_intercept,-3.0849383761210034,-3.173135061580534,-3.014141398171965,1000,1000,0,patient_id,patient-level,lab_freshness_authoritative_table
P10_true_trained_ultra_minimal_sensitivity_model,eicu_external,lab12h_freshness_window,calibration_slope,0.944439074589246,0.889828921642104,0.9987320869758073,1000,1000,0,patient_id,patient-level,lab_freshness_authoritative_table
P10_true_trained_ultra_minimal_sensitivity_model,eicu_external,lab12h_freshness_window,ECE,0.22533874685220096,0.22084406449566868,0.23085587014057643,1000,1000,0,patient_id,patient-level,lab_freshness_authoritative_table
P15_clinically_parsimonious_transport_model,eicu_external,lab24h_freshness_window,AUROC,0.8085021444412248,0.7946125854228284,0.8214082913898637,1000,1000,0,patient_id,patient-level,lab_freshness_authoritative_table
P15_clinically_parsimonious_transport_model,eicu_external,lab24h_freshness_window,AUPRC,0.18595691483415358,0.16507339519027772,0.2070762762138142,1000,1000,0,patient_id,patient-level,lab_freshness_authoritative_table
P15_clinically_parsimonious_transport_model,eicu_external,lab24h_freshness_window,death_Brier,0.08420192636527137,0.0812670665262697,0.08755161581783508,1000,1000,0,patient_id,patient-level,lab_freshness_authoritative_table
P15_clinically_parsimonious_transport_model,eicu_external,lab24h_freshness_window,multiclass_Brier,0.5521990636963671,0.5460119262684089,0.5581775671168495,1000,1000,0,patient_id,patient-level,lab_freshness_authoritative_table
P15_clinically_parsimonious_transport_model,eicu_external,lab24h_freshness_window,calibration_intercept,-3.0710401572879786,-3.1604961400338953,-3.004824141964112,1000,1000,0,patient_id,patient-level,lab_freshness_authoritative_table
P15_clinically_parsimonious_transport_model,eicu_external,lab24h_freshness_window,calibration_slope,0.9990549141288636,0.9372454189980657,1.0523575566590861,1000,1000,0,patient_id,patient-level,lab_freshness_authoritative_table
P15_clinically_parsimonious_transport_model,eicu_external,lab24h_freshness_window,ECE,0.21842101507997833,0.2142588161123387,0.22342048555975402,1000,1000,0,patient_id,patient-level,lab_freshness_authoritative_table
P12_true_trained_clinical_landing_model,eicu_external,lab24h_freshness_window,AUROC,0.8015348153861492,0.7874874727828544,0.8142678923813942,1000,1000,0,patient_id,patient-level,lab_freshness_authoritative_table
P12_true_trained_clinical_landing_model,eicu_external,lab24h_freshness_window,AUPRC,0.172136667151455,0.15317618628010646,0.19211766886407394,1000,1000,0,patient_id,patient-level,lab_freshness_authoritative_table
P12_true_trained_clinical_landing_model,eicu_external,lab24h_freshness_window,death_Brier,0.09703838219984368,0.09364810972899977,0.1011029880299312,1000,1000,0,patient_id,patient-level,lab_freshness_authoritative_table
P12_true_trained_clinical_landing_model,eicu_external,lab24h_freshness_window,multiclass_Brier,0.585900483085531,0.5805082385096662,0.5914507177461928,1000,1000,0,patient_id,patient-level,lab_freshness_authoritative_table
P12_true_trained_clinical_landing_model,eicu_external,lab24h_freshness_window,calibration_intercept,-3.198740144178251,-3.284652533484088,-3.1313724129423575,1000,1000,0,patient_id,patient-level,lab_freshness_authoritative_table
P12_true_trained_clinical_landing_model,eicu_external,lab24h_freshness_window,calibration_slope,0.9897891954924274,0.9327325793640249,1.0408278772724195,1000,1000,0,patient_id,patient-level,lab_freshness_authoritative_table
P12_true_trained_clinical_landing_model,eicu_external,lab24h_freshness_window,ECE,0.24067709770647053,0.23594283294962834,0.24659740176045747,1000,1000,0,patient_id,patient-level,lab_freshness_authoritative_table
P10_true_trained_ultra_minimal_sensitivity_model,eicu_external,lab24h_freshness_window,AUROC,0.7950124443849479,0.7809036510828539,0.8080312789799707,1000,1000,0,patient_id,patient-level,lab_freshness_authoritative_table
P10_true_trained_ultra_minimal_sensitivity_model,eicu_external,lab24h_freshness_window,AUPRC,0.16341018995210868,0.1456673082928429,0.18308814826338102,1000,1000,0,patient_id,patient-level,lab_freshness_authoritative_table
P10_true_trained_ultra_minimal_sensitivity_model,eicu_external,lab24h_freshness_window,death_Brier,0.09561113586482535,0.09214767116104662,0.09961429485597405,1000,1000,0,patient_id,patient-level,lab_freshness_authoritative_table
P10_true_trained_ultra_minimal_sensitivity_model,eicu_external,lab24h_freshness_window,multiclass_Brier,0.5908773206639748,0.5856317417586238,0.5966082696741771,1000,1000,0,patient_id,patient-level,lab_freshness_authoritative_table
P10_true_trained_ultra_minimal_sensitivity_model,eicu_external,lab24h_freshness_window,calibration_intercept,-3.1760990171794545,-3.2624846890456802,-3.1070409751449852,1000,1000,0,patient_id,patient-level,lab_freshness_authoritative_table
P10_true_trained_ultra_minimal_sensitivity_model,eicu_external,lab24h_freshness_window,calibration_slope,0.9723321628346616,0.9184793524562205,1.0275566736333293,1000,1000,0,patient_id,patient-level,lab_freshness_authoritative_table
P10_true_trained_ultra_minimal_sensitivity_model,eicu_external,lab24h_freshness_window,ECE,0.23718759092886613,0.23222913751276722,0.2430841224876533,1000,1000,0,patient_id,patient-level,lab_freshness_authoritative_table
P15_clinically_parsimonious_transport_model,eicu_external,stale_lab_as_missing,AUROC,0.7846614186847278,0.7706364324444402,0.797667860405124,1000,1000,0,patient_id,patient-level,lab_freshness_authoritative_table
P15_clinically_parsimonious_transport_model,eicu_external,stale_lab_as_missing,AUPRC,0.1673804717186871,0.14763338000990583,0.18786645209032188,1000,1000,0,patient_id,patient-level,lab_freshness_authoritative_table
P15_clinically_parsimonious_transport_model,eicu_external,stale_lab_as_missing,death_Brier,0.07536933649849661,0.07286190108442817,0.07826387301102038,1000,1000,0,patient_id,patient-level,lab_freshness_authoritative_table
P15_clinically_parsimonious_transport_model,eicu_external,stale_lab_as_missing,multiclass_Brier,0.5465312884394172,0.5402045216342417,0.5524842773272719,1000,1000,0,patient_id,patient-level,lab_freshness_authoritative_table
P15_clinically_parsimonious_transport_model,eicu_external,stale_lab_as_missing,calibration_intercept,-2.9445585428904018,-3.0366594299202125,-2.874504108213255,1000,1000,0,patient_id,patient-level,lab_freshness_authoritative_table
P15_clinically_parsimonious_transport_model,eicu_external,stale_lab_as_missing,calibration_slope,0.9778846111392281,0.9165095846890154,1.0292843131693519,1000,1000,0,patient_id,patient-level,lab_freshness_authoritative_table
P15_clinically_parsimonious_transport_model,eicu_external,stale_lab_as_missing,ECE,0.20385280985209753,0.20020096136713783,0.20842854353048626,1000,1000,0,patient_id,patient-level,lab_freshness_authoritative_table
P12_true_trained_clinical_landing_model,eicu_external,stale_lab_as_missing,AUROC,0.7766515982695815,0.7628531464452496,0.7892972313350802,1000,1000,0,patient_id,patient-level,lab_freshness_authoritative_table
P12_true_trained_clinical_landing_model,eicu_external,stale_lab_as_missing,AUPRC,0.1544821400329509,0.13657594116842178,0.17330613177742948,1000,1000,0,patient_id,patient-level,lab_freshness_authoritative_table
P12_true_trained_clinical_landing_model,eicu_external,stale_lab_as_missing,death_Brier,0.08696212817697922,0.08405571167278718,0.09045421504244719,1000,1000,0,patient_id,patient-level,lab_freshness_authoritative_table
P12_true_trained_clinical_landing_model,eicu_external,stale_lab_as_missing,multiclass_Brier,0.5782562278572367,0.5730877443719493,0.5835120778268029,1000,1000,0,patient_id,patient-level,lab_freshness_authoritative_table
P12_true_trained_clinical_landing_model,eicu_external,stale_lab_as_missing,calibration_intercept,-3.076007032314417,-3.166733474895518,-3.005923666934889,1000,1000,0,patient_id,patient-level,lab_freshness_authoritative_table
P12_true_trained_clinical_landing_model,eicu_external,stale_lab_as_missing,calibration_slope,0.9578412178603608,0.8987290059397411,1.0091060228566406,1000,1000,0,patient_id,patient-level,lab_freshness_authoritative_table
P12_true_trained_clinical_landing_model,eicu_external,stale_lab_as_missing,ECE,0.22538011346785228,0.22110948601830274,0.23075863123250998,1000,1000,0,patient_id,patient-level,lab_freshness_authoritative_table
P10_true_trained_ultra_minimal_sensitivity_model,eicu_external,stale_lab_as_missing,AUROC,0.7743465702155901,0.7601883992579529,0.786967647010074,1000,1000,0,patient_id,patient-level,lab_freshness_authoritative_table
P10_true_trained_ultra_minimal_sensitivity_model,eicu_external,stale_lab_as_missing,AUPRC,0.1498163818190498,0.13238045403058818,0.16790974020756197,1000,1000,0,patient_id,patient-level,lab_freshness_authoritative_table
P10_true_trained_ultra_minimal_sensitivity_model,eicu_external,stale_lab_as_missing,death_Brier,0.08781199770038398,0.08479718073272843,0.09140945056226323,1000,1000,0,patient_id,patient-level,lab_freshness_authoritative_table
P10_true_trained_ultra_minimal_sensitivity_model,eicu_external,stale_lab_as_missing,multiclass_Brier,0.5846160641534753,0.5794183844668734,0.5900590541957388,1000,1000,0,patient_id,patient-level,lab_freshness_authoritative_table
P10_true_trained_ultra_minimal_sensitivity_model,eicu_external,stale_lab_as_missing,calibration_intercept,-3.0849383761210034,-3.173135061580534,-3.014141398171965,1000,1000,0,patient_id,patient-level,lab_freshness_authoritative_table
P10_true_trained_ultra_minimal_sensitivity_model,eicu_external,stale_lab_as_missing,calibration_slope,0.944439074589246,0.889828921642104,0.9987320869758073,1000,1000,0,patient_id,patient-level,lab_freshness_authoritative_table
P10_true_trained_ultra_minimal_sensitivity_model,eicu_external,stale_lab_as_missing,ECE,0.22533874685220096,0.22084406449566868,0.23085587014057643,1000,1000,0,patient_id,patient-level,lab_freshness_authoritative_table
