model_name,dataset_name,row_n,mean_predicted_risk,observed_event_rate,death_n,display_name
P15_clinically_parsimonious_transport_model,mimic_internal,103053,0.0639,0.0043,442,P15 double-anchor model
P15_clinically_parsimonious_transport_model,mimic_internal,103053,0.0938,0.0046,475,P15 double-anchor model
P15_clinically_parsimonious_transport_model,mimic_internal,103052,0.1183,0.0064,659,P15 double-anchor model
P15_clinically_parsimonious_transport_model,mimic_internal,103053,0.1437,0.0074,763,P15 double-anchor model
P15_clinically_parsimonious_transport_model,mimic_internal,103052,0.1727,0.0078,803,P15 double-anchor model
P15_clinically_parsimonious_transport_model,mimic_internal,103053,0.2074,0.0103,1061,P15 double-anchor model
P15_clinically_parsimonious_transport_model,mimic_internal,103052,0.2510,0.0134,1378,P15 double-anchor model
P15_clinically_parsimonious_transport_model,mimic_internal,103053,0.3119,0.0167,1720,P15 double-anchor model
P15_clinically_parsimonious_transport_model,mimic_internal,103052,0.4085,0.0266,2746,P15 double-anchor model
P15_clinically_parsimonious_transport_model,mimic_internal,103053,0.6371,0.1044,10760,P15 double-anchor model
M1_internal_rich_reference_model,mimic_internal,103053,0.0140,0.0002,22,70-feature high-dimensional reference model
M1_internal_rich_reference_model,mimic_internal,103053,0.0299,0.0013,137,70-feature high-dimensional reference model
M1_internal_rich_reference_model,mimic_internal,103052,0.0498,0.0024,245,70-feature high-dimensional reference model
M1_internal_rich_reference_model,mimic_internal,103053,0.0770,0.0042,437,70-feature high-dimensional reference model
M1_internal_rich_reference_model,mimic_internal,103052,0.1115,0.0060,615,70-feature high-dimensional reference model
M1_internal_rich_reference_model,mimic_internal,103053,0.1541,0.0077,791,70-feature high-dimensional reference model
M1_internal_rich_reference_model,mimic_internal,103052,0.2097,0.0115,1188,70-feature high-dimensional reference model
M1_internal_rich_reference_model,mimic_internal,103053,0.2893,0.0156,1608,70-feature high-dimensional reference model
M1_internal_rich_reference_model,mimic_internal,103052,0.4194,0.0263,2715,70-feature high-dimensional reference model
M1_internal_rich_reference_model,mimic_internal,103053,0.7066,0.1266,13049,70-feature high-dimensional reference model
C1_dynamic_SOFA_clinical_comparator,mimic_internal,103053,0.0627,0.0030,314,Dynamic SOFA
C1_dynamic_SOFA_clinical_comparator,mimic_internal,103053,0.0875,0.0051,526,Dynamic SOFA
C1_dynamic_SOFA_clinical_comparator,mimic_internal,103052,0.1136,0.0073,750,Dynamic SOFA
C1_dynamic_SOFA_clinical_comparator,mimic_internal,103053,0.1506,0.0102,1050,Dynamic SOFA
C1_dynamic_SOFA_clinical_comparator,mimic_internal,103052,0.2110,0.0103,1057,Dynamic SOFA
C1_dynamic_SOFA_clinical_comparator,mimic_internal,103053,0.2794,0.0134,1376,Dynamic SOFA
C1_dynamic_SOFA_clinical_comparator,mimic_internal,103052,0.3351,0.0163,1679,Dynamic SOFA
C1_dynamic_SOFA_clinical_comparator,mimic_internal,103053,0.3966,0.0203,2094,Dynamic SOFA
C1_dynamic_SOFA_clinical_comparator,mimic_internal,103052,0.4910,0.0309,3189,Dynamic SOFA
C1_dynamic_SOFA_clinical_comparator,mimic_internal,103053,0.6833,0.0851,8772,Dynamic SOFA
P15_clinically_parsimonious_transport_model,eicu_external,105136,0.0680,0.0026,269,P15 double-anchor model
P15_clinically_parsimonious_transport_model,eicu_external,105136,0.1013,0.0044,460,P15 double-anchor model
P15_clinically_parsimonious_transport_model,eicu_external,105135,0.1272,0.0060,631,P15 double-anchor model
P15_clinically_parsimonious_transport_model,eicu_external,105136,0.1524,0.0078,817,P15 double-anchor model
P15_clinically_parsimonious_transport_model,eicu_external,105136,0.1796,0.0089,936,P15 double-anchor model
P15_clinically_parsimonious_transport_model,eicu_external,105135,0.2106,0.0115,1206,P15 double-anchor model
P15_clinically_parsimonious_transport_model,eicu_external,105136,0.2487,0.0141,1484,P15 double-anchor model
P15_clinically_parsimonious_transport_model,eicu_external,105135,0.3009,0.0170,1791,P15 double-anchor model
P15_clinically_parsimonious_transport_model,eicu_external,105136,0.3890,0.0269,2826,P15 double-anchor model
P15_clinically_parsimonious_transport_model,eicu_external,105136,0.6321,0.1158,12173,P15 double-anchor model
M1_internal_rich_reference_model,eicu_external,105136,0.0380,0.0044,463,70-feature high-dimensional reference model
M1_internal_rich_reference_model,eicu_external,105136,0.0778,0.0063,663,70-feature high-dimensional reference model
M1_internal_rich_reference_model,eicu_external,105135,0.1183,0.0070,731,70-feature high-dimensional reference model
M1_internal_rich_reference_model,eicu_external,105136,0.1672,0.0092,972,70-feature high-dimensional reference model
M1_internal_rich_reference_model,eicu_external,105136,0.2306,0.0109,1151,70-feature high-dimensional reference model
M1_internal_rich_reference_model,eicu_external,105135,0.3175,0.0148,1555,70-feature high-dimensional reference model
M1_internal_rich_reference_model,eicu_external,105136,0.4441,0.0218,2291,70-feature high-dimensional reference model
M1_internal_rich_reference_model,eicu_external,105135,0.6402,0.0417,4383,70-feature high-dimensional reference model
M1_internal_rich_reference_model,eicu_external,105136,0.9011,0.0728,7649,70-feature high-dimensional reference model
M1_internal_rich_reference_model,eicu_external,105136,0.9989,0.0260,2735,70-feature high-dimensional reference model
C1_dynamic_SOFA_clinical_comparator,eicu_external,105136,0.0870,0.0044,460,Dynamic SOFA
C1_dynamic_SOFA_clinical_comparator,eicu_external,105136,0.1171,0.0078,816,Dynamic SOFA
C1_dynamic_SOFA_clinical_comparator,eicu_external,105135,0.1409,0.0096,1008,Dynamic SOFA
C1_dynamic_SOFA_clinical_comparator,eicu_external,105136,0.1629,0.0114,1194,Dynamic SOFA
C1_dynamic_SOFA_clinical_comparator,eicu_external,105136,0.1849,0.0112,1174,Dynamic SOFA
C1_dynamic_SOFA_clinical_comparator,eicu_external,105135,0.2141,0.0168,1767,Dynamic SOFA
C1_dynamic_SOFA_clinical_comparator,eicu_external,105136,0.2569,0.0176,1849,Dynamic SOFA
C1_dynamic_SOFA_clinical_comparator,eicu_external,105135,0.3276,0.0263,2760,Dynamic SOFA
C1_dynamic_SOFA_clinical_comparator,eicu_external,105136,0.4802,0.0362,3801,Dynamic SOFA
C1_dynamic_SOFA_clinical_comparator,eicu_external,105136,0.8074,0.0738,7764,Dynamic SOFA
