audit_item,model_name,dataset_scope,metric,table_value,source_value,consistent
Table2_vs_Post_METRE_Model_Comparison,M1_original_rich,mimic_internal_test,auroc_death_ovr,0.8706060787754399,0.8706060787754399,True
Table2_vs_Post_METRE_Model_Comparison,M1_original_rich,mimic_internal_test,auprc_death,0.2732901870699031,0.2732901870699031,True
Table2_vs_Post_METRE_Model_Comparison,M1_original_rich,mimic_internal_test,multiclass_brier,0.4672366844800886,0.4672366844800886,True
Table2_vs_Post_METRE_Model_Comparison,M1_original_rich,mimic_internal_test,calibration_slope_death,0.895665295468659,0.895665295468659,True
Table2_vs_Post_METRE_Model_Comparison,M1_original_rich,eicu_external_full,auroc_death_ovr,0.7089861413441381,0.7089861413441381,True
Table2_vs_Post_METRE_Model_Comparison,M1_original_rich,eicu_external_full,auprc_death,0.0376712206138802,0.0376712206138802,True
Table2_vs_Post_METRE_Model_Comparison,M1_original_rich,eicu_external_full,multiclass_brier,0.8788226425612441,0.8788226425612441,True
Table2_vs_Post_METRE_Model_Comparison,M1_original_rich,eicu_external_full,calibration_slope_death,0.0728281344750092,0.0728281344750092,True
Table2_vs_Post_METRE_Model_Comparison,C1_dynamic_SOFA,mimic_internal_test,auroc_death_ovr,0.7623211132262806,0.7623211132262806,True
Table2_vs_Post_METRE_Model_Comparison,C1_dynamic_SOFA,mimic_internal_test,auprc_death,0.1063862966786857,0.1063862966786857,True
Table2_vs_Post_METRE_Model_Comparison,C1_dynamic_SOFA,mimic_internal_test,multiclass_brier,0.5585232725241237,0.5585232725241237,True
Table2_vs_Post_METRE_Model_Comparison,C1_dynamic_SOFA,mimic_internal_test,calibration_slope_death,0.9323290074210878,0.9323290074210878,True
Table2_vs_Post_METRE_Model_Comparison,C1_dynamic_SOFA,eicu_external_full,auroc_death_ovr,0.7253473181676158,0.7253473181676158,True
Table2_vs_Post_METRE_Model_Comparison,C1_dynamic_SOFA,eicu_external_full,auprc_death,0.0668617589473758,0.0668617589473758,True
Table2_vs_Post_METRE_Model_Comparison,C1_dynamic_SOFA,eicu_external_full,multiclass_brier,0.8256609410276378,0.8256609410276378,True
Table2_vs_Post_METRE_Model_Comparison,C1_dynamic_SOFA,eicu_external_full,calibration_slope_death,0.4919347053705084,0.4919347053705084,True
Table2_vs_Post_METRE_Model_Comparison,C3_no_phenotype,mimic_internal_test,auroc_death_ovr,0.870489036704311,0.870489036704311,True
Table2_vs_Post_METRE_Model_Comparison,C3_no_phenotype,mimic_internal_test,auprc_death,0.273646094455321,0.273646094455321,True
Table2_vs_Post_METRE_Model_Comparison,C3_no_phenotype,mimic_internal_test,multiclass_brier,0.4682284734521249,0.4682284734521249,True
Table2_vs_Post_METRE_Model_Comparison,C3_no_phenotype,mimic_internal_test,calibration_slope_death,0.8985580055487012,0.8985580055487012,True
Table2_vs_Post_METRE_Model_Comparison,C3_no_phenotype,eicu_external_full,auroc_death_ovr,0.708259779836543,0.708259779836543,True
Table2_vs_Post_METRE_Model_Comparison,C3_no_phenotype,eicu_external_full,auprc_death,0.0375177377932272,0.0375177377932272,True
Table2_vs_Post_METRE_Model_Comparison,C3_no_phenotype,eicu_external_full,multiclass_brier,0.9002640240261139,0.9002640240261139,True
Table2_vs_Post_METRE_Model_Comparison,C3_no_phenotype,eicu_external_full,calibration_slope_death,0.0728220608326562,0.0728220608326562,True
Table2_vs_Post_METRE_Model_Comparison,MT3_physiology_support_proxy,mimic_internal_test,auroc_death_ovr,0.805345794028386,0.805345794028386,True
Table2_vs_Post_METRE_Model_Comparison,MT3_physiology_support_proxy,mimic_internal_test,auprc_death,0.2052511028741349,0.2052511028741349,True
Table2_vs_Post_METRE_Model_Comparison,MT3_physiology_support_proxy,mimic_internal_test,multiclass_brier,0.5757758825650097,0.5757758825650097,True
Table2_vs_Post_METRE_Model_Comparison,MT3_physiology_support_proxy,mimic_internal_test,calibration_slope_death,1.057985075769373,1.057985075769373,True
Table2_vs_Post_METRE_Model_Comparison,MT3_physiology_support_proxy,eicu_external_full,auroc_death_ovr,0.8090071140511993,0.8090071140511993,True
Table2_vs_Post_METRE_Model_Comparison,MT3_physiology_support_proxy,eicu_external_full,auprc_death,0.1863245428838832,0.1863245428838832,True
Table2_vs_Post_METRE_Model_Comparison,MT3_physiology_support_proxy,eicu_external_full,multiclass_brier,0.5926737670360287,0.5926737670360287,True
Table2_vs_Post_METRE_Model_Comparison,MT3_physiology_support_proxy,eicu_external_full,calibration_slope_death,0.9651508255083516,0.9651508255083516,True
Table2_vs_Post_METRE_Model_Comparison,MT4_support_proxy_phenotype_sensitivity,mimic_internal_test,auroc_death_ovr,0.807332226607885,0.807332226607885,True
Table2_vs_Post_METRE_Model_Comparison,MT4_support_proxy_phenotype_sensitivity,mimic_internal_test,auprc_death,0.2043060752448874,0.2043060752448874,True
Table2_vs_Post_METRE_Model_Comparison,MT4_support_proxy_phenotype_sensitivity,mimic_internal_test,multiclass_brier,0.5731538093400614,0.5731538093400614,True
Table2_vs_Post_METRE_Model_Comparison,MT4_support_proxy_phenotype_sensitivity,mimic_internal_test,calibration_slope_death,1.0465072866270893,1.0465072866270893,True
Table2_vs_Post_METRE_Model_Comparison,MT4_support_proxy_phenotype_sensitivity,eicu_external_full,auroc_death_ovr,0.8110878293112073,0.8110878293112073,True
Table2_vs_Post_METRE_Model_Comparison,MT4_support_proxy_phenotype_sensitivity,eicu_external_full,auprc_death,0.1813184897464155,0.1813184897464155,True
Table2_vs_Post_METRE_Model_Comparison,MT4_support_proxy_phenotype_sensitivity,eicu_external_full,multiclass_brier,0.6213904020736144,0.6213904020736144,True
Table2_vs_Post_METRE_Model_Comparison,MT4_support_proxy_phenotype_sensitivity,eicu_external_full,calibration_slope_death,0.9126688651101832,0.9126688651101832,True
Table3_vs_component_reassessment,A1_B2_MT3_best_transport_no_phenotype_shared_proxy,mimic_internal_test,auroc_death_ovr,0.805345794028386,0.805345794028386,True
Table3_vs_component_reassessment,A1_B2_MT3_best_transport_no_phenotype_shared_proxy,mimic_internal_test,auprc_death,0.2052511028741349,0.2052511028741349,True
Table3_vs_component_reassessment,A1_B2_MT3_best_transport_no_phenotype_shared_proxy,mimic_internal_test,multiclass_brier,0.5757758825650097,0.5757758825650097,True
Table3_vs_component_reassessment,A1_B2_MT3_best_transport_no_phenotype_shared_proxy,mimic_internal_test,calibration_slope_death,1.057985075769373,1.057985075769373,True
Table3_vs_component_reassessment,A1_B2_MT3_best_transport_no_phenotype_shared_proxy,eicu_external,auroc_death_ovr,0.8090071140511993,0.8090071140511993,True
Table3_vs_component_reassessment,A1_B2_MT3_best_transport_no_phenotype_shared_proxy,eicu_external,auprc_death,0.1863245428838832,0.1863245428838832,True
Table3_vs_component_reassessment,A1_B2_MT3_best_transport_no_phenotype_shared_proxy,eicu_external,multiclass_brier,0.5926737670360287,0.5926737670360287,True
Table3_vs_component_reassessment,A1_B2_MT3_best_transport_no_phenotype_shared_proxy,eicu_external,calibration_slope_death,0.9651508255083516,0.9651508255083516,True
Table3_vs_component_reassessment,A2_MT4_best_transport_hard_phenotype,mimic_internal_test,auroc_death_ovr,0.807332226607885,0.807332226607885,True
Table3_vs_component_reassessment,A2_MT4_best_transport_hard_phenotype,mimic_internal_test,auprc_death,0.2043060752448874,0.2043060752448874,True
Table3_vs_component_reassessment,A2_MT4_best_transport_hard_phenotype,mimic_internal_test,multiclass_brier,0.5731538093400614,0.5731538093400614,True
Table3_vs_component_reassessment,A2_MT4_best_transport_hard_phenotype,mimic_internal_test,calibration_slope_death,1.0465072866270893,1.0465072866270893,True
Table3_vs_component_reassessment,A2_MT4_best_transport_hard_phenotype,eicu_external,auroc_death_ovr,0.8110878293112073,0.8110878293112073,True
Table3_vs_component_reassessment,A2_MT4_best_transport_hard_phenotype,eicu_external,auprc_death,0.1813184897464155,0.1813184897464155,True
Table3_vs_component_reassessment,A2_MT4_best_transport_hard_phenotype,eicu_external,multiclass_brier,0.6213904020736144,0.6213904020736144,True
Table3_vs_component_reassessment,A2_MT4_best_transport_hard_phenotype,eicu_external,calibration_slope_death,0.9126688651101832,0.9126688651101832,True
Table3_vs_component_reassessment,A3_best_transport_soft_membership,mimic_internal_test,auroc_death_ovr,0.8071850100275433,0.8071850100275433,True
Table3_vs_component_reassessment,A3_best_transport_soft_membership,mimic_internal_test,auprc_death,0.2043655534796483,0.2043655534796483,True
Table3_vs_component_reassessment,A3_best_transport_soft_membership,mimic_internal_test,multiclass_brier,0.5733662921934937,0.5733662921934937,True
Table3_vs_component_reassessment,A3_best_transport_soft_membership,mimic_internal_test,calibration_slope_death,1.0436819071108907,1.0436819071108907,True
Table3_vs_component_reassessment,A3_best_transport_soft_membership,eicu_external,auroc_death_ovr,0.8011934298262259,0.8011934298262259,True
Table3_vs_component_reassessment,A3_best_transport_soft_membership,eicu_external,auprc_death,0.1587419649186651,0.1587419649186651,True
Table3_vs_component_reassessment,A3_best_transport_soft_membership,eicu_external,multiclass_brier,0.6503198750172895,0.6503198750172895,True
Table3_vs_component_reassessment,A3_best_transport_soft_membership,eicu_external,calibration_slope_death,0.7848899655121343,0.7848899655121343,True
Table4_vs_component_reassessment,B1_C1_MT1_physiology_only_no_proxy,mimic_internal_test,auroc_death_ovr,0.7534612874280747,0.7534612874280747,True
Table4_vs_component_reassessment,B1_C1_MT1_physiology_only_no_proxy,mimic_internal_test,auprc_death,0.1133915869920783,0.1133915869920783,True
Table4_vs_component_reassessment,B1_C1_MT1_physiology_only_no_proxy,mimic_internal_test,multiclass_brier,0.6062910085171009,0.6062910085171009,True
Table4_vs_component_reassessment,B1_C1_MT1_physiology_only_no_proxy,mimic_internal_test,calibration_slope_death,1.0054600694427431,1.0054600694427431,True
Table4_vs_component_reassessment,B1_C1_MT1_physiology_only_no_proxy,eicu_external,auroc_death_ovr,0.7634024506790825,0.7634024506790825,True
Table4_vs_component_reassessment,B1_C1_MT1_physiology_only_no_proxy,eicu_external,auprc_death,0.1329250381979279,0.1329250381979279,True
Table4_vs_component_reassessment,B1_C1_MT1_physiology_only_no_proxy,eicu_external,multiclass_brier,0.6822396301022429,0.6822396301022429,True
Table4_vs_component_reassessment,B1_C1_MT1_physiology_only_no_proxy,eicu_external,calibration_slope_death,0.998366734579404,0.998366734579404,True
Table4_vs_component_reassessment,C2_MT2_physiology_minimal_recency,mimic_internal_test,auroc_death_ovr,0.7813236740098186,0.7813236740098186,True
Table4_vs_component_reassessment,C2_MT2_physiology_minimal_recency,mimic_internal_test,auprc_death,0.1080797177431288,0.1080797177431288,True
Table4_vs_component_reassessment,C2_MT2_physiology_minimal_recency,mimic_internal_test,multiclass_brier,0.5854333845897866,0.5854333845897866,True
Table4_vs_component_reassessment,C2_MT2_physiology_minimal_recency,mimic_internal_test,calibration_slope_death,0.8843741677426743,0.8843741677426743,True
Table4_vs_component_reassessment,C2_MT2_physiology_minimal_recency,eicu_external,auroc_death_ovr,0.7704480959183257,0.7704480959183257,True
Table4_vs_component_reassessment,C2_MT2_physiology_minimal_recency,eicu_external,auprc_death,0.0993125126815836,0.0993125126815836,True
Table4_vs_component_reassessment,C2_MT2_physiology_minimal_recency,eicu_external,multiclass_brier,0.6926403633846236,0.6926403633846236,True
Table4_vs_component_reassessment,C2_MT2_physiology_minimal_recency,eicu_external,calibration_slope_death,0.6418268506795001,0.6418268506795001,True
Table4_vs_component_reassessment,C3_physiology_full_quality,mimic_internal_test,auroc_death_ovr,0.8163412380739874,0.8163412380739874,True
Table4_vs_component_reassessment,C3_physiology_full_quality,mimic_internal_test,auprc_death,0.1432640101641378,0.1432640101641378,True
Table4_vs_component_reassessment,C3_physiology_full_quality,mimic_internal_test,multiclass_brier,0.5388150289777232,0.5388150289777232,True
Table4_vs_component_reassessment,C3_physiology_full_quality,mimic_internal_test,calibration_slope_death,0.8427731262190225,0.8427731262190225,True
Table4_vs_component_reassessment,C3_physiology_full_quality,eicu_external,auroc_death_ovr,0.6628855746281687,0.6628855746281687,True
Table4_vs_component_reassessment,C3_physiology_full_quality,eicu_external,auprc_death,0.0310703079666613,0.0310703079666613,True
Table4_vs_component_reassessment,C3_physiology_full_quality,eicu_external,multiclass_brier,0.9804440092062112,0.9804440092062112,True
Table4_vs_component_reassessment,C3_physiology_full_quality,eicu_external,calibration_slope_death,0.0457869209285732,0.0457869209285732,True
Table4_vs_component_reassessment,C4_physiology_full_quality_measurement_intensity,mimic_internal_test,auroc_death_ovr,0.8334146711572523,0.8334146711572523,True
Table4_vs_component_reassessment,C4_physiology_full_quality_measurement_intensity,mimic_internal_test,auprc_death,0.1714145224514799,0.1714145224514799,True
Table4_vs_component_reassessment,C4_physiology_full_quality_measurement_intensity,mimic_internal_test,multiclass_brier,0.5116758902361093,0.5116758902361093,True
Table4_vs_component_reassessment,C4_physiology_full_quality_measurement_intensity,mimic_internal_test,calibration_slope_death,0.8678155303423037,0.8678155303423037,True
Table4_vs_component_reassessment,C4_physiology_full_quality_measurement_intensity,eicu_external,auroc_death_ovr,0.6499300365167391,0.6499300365167391,True
Table4_vs_component_reassessment,C4_physiology_full_quality_measurement_intensity,eicu_external,auprc_death,0.0294920820131758,0.0294920820131758,True
Table4_vs_component_reassessment,C4_physiology_full_quality_measurement_intensity,eicu_external,multiclass_brier,1.0135981817086686,1.0135981817086686,True
Table4_vs_component_reassessment,C4_physiology_full_quality_measurement_intensity,eicu_external,calibration_slope_death,0.0361299596462001,0.0361299596462001,True
