model_name,calibration_method,bin_label,row_n,mean_predicted_death,observed_death_rate
MT3_physiology_support_proxy,raw,"(0.0148, 0.0863]",83579,0.06533260857007812,0.0024408045083095034
MT3_physiology_support_proxy,raw,"(0.0863, 0.116]",83579,0.10169115885567351,0.00447480826523409
MT3_physiology_support_proxy,raw,"(0.116, 0.145]",83579,0.13043889756584956,0.006161834910683305
MT3_physiology_support_proxy,raw,"(0.145, 0.176]",83578,0.15998820616189305,0.0066763980951925145
MT3_physiology_support_proxy,raw,"(0.176, 0.21]",83579,0.19219289629295447,0.009236770002034003
MT3_physiology_support_proxy,raw,"(0.21, 0.251]",83579,0.2297719001441062,0.010828078823627945
MT3_physiology_support_proxy,raw,"(0.251, 0.304]",83578,0.27609699431495194,0.014860369953815598
MT3_physiology_support_proxy,raw,"(0.304, 0.378]",83579,0.33801973389660356,0.018700869835724283
MT3_physiology_support_proxy,raw,"(0.378, 0.507]",83579,0.4345708722207242,0.027602627454264828
MT3_physiology_support_proxy,raw,"(0.507, 1.0]",83579,0.6725262116631626,0.11419136385934266
MT3_physiology_support_proxy,intercept_only,"(-0.000441, 0.00327]",83579,0.0024312238289249067,0.0024408045083095034
MT3_physiology_support_proxy,intercept_only,"(0.00327, 0.00455]",83579,0.003921220301898449,0.00447480826523409
MT3_physiology_support_proxy,intercept_only,"(0.00455, 0.00585]",83579,0.005188434209419287,0.006161834910683305
MT3_physiology_support_proxy,intercept_only,"(0.00585, 0.00734]",83578,0.006578489916716982,0.0066763980951925145
MT3_physiology_support_proxy,intercept_only,"(0.00734, 0.00914]",83579,0.008204905007169916,0.009236770002034003
MT3_physiology_support_proxy,intercept_only,"(0.00914, 0.0115]",83579,0.010268824499956957,0.010828078823627945
MT3_physiology_support_proxy,intercept_only,"(0.0115, 0.0149]",83578,0.013098150669415262,0.014860369953815598
MT3_physiology_support_proxy,intercept_only,"(0.0149, 0.0206]",83579,0.017482312762306093,0.018700869835724283
MT3_physiology_support_proxy,intercept_only,"(0.0206, 0.0345]",83579,0.026248758324120602,0.027602627454264828
MT3_physiology_support_proxy,intercept_only,"(0.0345, 0.996]",83579,0.09919615716169797,0.11419136385934266
MT3_physiology_support_proxy,logistic_recalibration,"(-0.000134, 0.00423]",83579,0.0032340762359539085,0.0024408045083095034
MT3_physiology_support_proxy,logistic_recalibration,"(0.00423, 0.00569]",83579,0.004978743174075021,0.00447480826523409
MT3_physiology_support_proxy,logistic_recalibration,"(0.00569, 0.00713]",83579,0.006402480850247773,0.006161834910683305
MT3_physiology_support_proxy,logistic_recalibration,"(0.00713, 0.00875]",83578,0.007922932146274415,0.0066763980951925145
MT3_physiology_support_proxy,logistic_recalibration,"(0.00875, 0.0106]",83579,0.009660293956267645,0.009236770002034003
MT3_physiology_support_proxy,logistic_recalibration,"(0.0106, 0.0131]",83579,0.01181452776946573,0.010828078823627945
MT3_physiology_support_proxy,logistic_recalibration,"(0.0131, 0.0165]",83578,0.014696512757038281,0.014860369953815598
MT3_physiology_support_proxy,logistic_recalibration,"(0.0165, 0.0221]",83579,0.019039058589078933,0.018700869835724283
MT3_physiology_support_proxy,logistic_recalibration,"(0.0221, 0.0351]",83579,0.027401682528188614,0.027602627454264828
MT3_physiology_support_proxy,logistic_recalibration,"(0.0351, 0.991]",83579,0.09030917654355099,0.11419136385934266
MT3_physiology_support_proxy,isotonic,"(-0.000999, 0.00494]",103255,0.0020729209875873294,0.002605200716672316
MT3_physiology_support_proxy,isotonic,"(0.00494, 0.00521]",73213,0.005213751012823831,0.005012770955977764
MT3_physiology_support_proxy,isotonic,"(0.00521, 0.00912]",221210,0.008329112902346128,0.007205822521585824
MT3_physiology_support_proxy,isotonic,"(0.00912, 0.0104]",91255,0.010355604295485555,0.010519971508410497
MT3_physiology_support_proxy,isotonic,"(0.0104, 0.0107]",44034,0.010666195057241302,0.01310351092337739
MT3_physiology_support_proxy,isotonic,"(0.0107, 0.0137]",83208,0.013334066997846217,0.016104220748005
MT3_physiology_support_proxy,isotonic,"(0.0137, 0.0179]",60523,0.01726180914604546,0.019909786362209407
MT3_physiology_support_proxy,isotonic,"(0.0179, 0.0424]",76317,0.02803075596498295,0.028329205812597454
MT3_physiology_support_proxy,isotonic,"(0.0424, 1.0]",82773,0.09905754400937938,0.11489253742162299
MT3_physiology_support_proxy,temperature_scaling,"(-0.000741, 0.00885]",83579,0.0051582958193193045,0.0024408045083095034
MT3_physiology_support_proxy,temperature_scaling,"(0.00885, 0.017]",83579,0.01277869908664867,0.00447480826523409
MT3_physiology_support_proxy,temperature_scaling,"(0.017, 0.0279]",83579,0.02214094326558449,0.006161834910683305
MT3_physiology_support_proxy,temperature_scaling,"(0.0279, 0.0434]",83578,0.03517933243836562,0.0066763980951925145
MT3_physiology_support_proxy,temperature_scaling,"(0.0434, 0.0659]",83579,0.053812997129584046,0.009236770002034003
MT3_physiology_support_proxy,temperature_scaling,"(0.0659, 0.101]",83579,0.08210092416706584,0.010828078823627945
MT3_physiology_support_proxy,temperature_scaling,"(0.101, 0.16]",83578,0.12765616667378848,0.014860369953815598
MT3_physiology_support_proxy,temperature_scaling,"(0.16, 0.269]",83579,0.20805961351466143,0.018700869835724283
MT3_physiology_support_proxy,temperature_scaling,"(0.269, 0.514]",83579,0.3732502052697615,0.027602627454264828
MT3_physiology_support_proxy,temperature_scaling,"(0.514, 1.0]",83579,0.764836177951031,0.11419136385934266
M1_original_rich,raw,"(-0.0009999999638, 0.0589]",83579,0.03808221437697152,0.004187654793668266
M1_original_rich,raw,"(0.0589, 0.0969]",83579,0.07761821379574997,0.006125940726737578
M1_original_rich,raw,"(0.0969, 0.141]",83579,0.11808865013714885,0.007537778628602879
M1_original_rich,raw,"(0.141, 0.196]",83578,0.16734575115192646,0.009440283328148556
M1_original_rich,raw,"(0.196, 0.27]",83579,0.23112888219562971,0.011426315222723412
M1_original_rich,raw,"(0.27, 0.373]",83579,0.3184254220099758,0.01537467545675349
M1_original_rich,raw,"(0.373, 0.528]",83578,0.44474916793151903,0.021405154466486397
M1_original_rich,raw,"(0.528, 0.767]",83579,0.6381610024956833,0.04060828677060027
M1_original_rich,raw,"(0.767, 0.992]",83579,0.9001652379878139,0.07323609997726702
M1_original_rich,raw,"(0.992, 1.0]",83579,0.9989905179530728,0.025831847712942245
M1_original_rich,intercept_only,"(-0.000999, 1.36e-06]",585051,1.0106124118071603e-06,0.010785384522033122
M1_original_rich,intercept_only,"(1.36e-06, 4.01e-06]",83579,2.2899637459713047e-06,0.04060828677060027
M1_original_rich,intercept_only,"(4.01e-06, 0.000143]",83579,2.6659324672483245e-05,0.07323609997726702
M1_original_rich,intercept_only,"(0.000143, 0.55]",83579,0.22532135387467178,0.025831847712942245
M1_original_rich,logistic_recalibration,"(0.00637, 0.0165]",83579,0.015870295272425144,0.004187654793668266
M1_original_rich,logistic_recalibration,"(0.0165, 0.0172]",83579,0.016877611128595746,0.006125940726737578
M1_original_rich,logistic_recalibration,"(0.0172, 0.0177]",83579,0.017462354787282953,0.007537778628602879
M1_original_rich,logistic_recalibration,"(0.0177, 0.0182]",83578,0.017986794564391735,0.009440283328148556
M1_original_rich,logistic_recalibration,"(0.0182, 0.0188]",83579,0.018521285009310263,0.011426315222723412
M1_original_rich,logistic_recalibration,"(0.0188, 0.0195]",83579,0.01912433081730431,0.01537467545675349
M1_original_rich,logistic_recalibration,"(0.0195, 0.0204]",83578,0.019890023458299367,0.021405154466486397
M1_original_rich,logistic_recalibration,"(0.0204, 0.022]",83579,0.02108703915452954,0.04060828677060027
M1_original_rich,logistic_recalibration,"(0.022, 0.0285]",83579,0.024356792857474805,0.07323609997726702
M1_original_rich,logistic_recalibration,"(0.0285, 0.0542]",83579,0.04318813870833601,0.025831847712942245
M1_original_rich,isotonic,"(-0.000999, 0.00615]",253193,0.005681063306772875,0.005971729076238285
M1_original_rich,isotonic,"(0.00615, 0.00867]",83955,0.008576279222847788,0.009421714013459592
M1_original_rich,isotonic,"(0.00867, 0.0105]",114378,0.009638482690652681,0.012240116106244208
M1_original_rich,isotonic,"(0.0105, 0.0173]",71681,0.015290939669964655,0.0166989857842385
M1_original_rich,isotonic,"(0.0173, 0.0351]",71367,0.02658589471367022,0.023792509142881165
M1_original_rich,isotonic,"(0.0351, 0.0496]",241214,0.04824173385972265,0.04720289867088975
M1_original_rich,temperature_scaling,"(-0.00099, 0.0904]",83579,0.06273559322576956,0.004187654793668266
M1_original_rich,temperature_scaling,"(0.0904, 0.135]",83579,0.11258816981656027,0.006125940726737578
M1_original_rich,temperature_scaling,"(0.135, 0.181]",83579,0.15752893900537387,0.007537778628602879
M1_original_rich,temperature_scaling,"(0.181, 0.236]",83578,0.20782006751278412,0.009440283328148556
M1_original_rich,temperature_scaling,"(0.236, 0.304]",83579,0.26844630064246033,0.011426315222723412
M1_original_rich,temperature_scaling,"(0.304, 0.394]",83579,0.34637222006136714,0.01537467545675349
M1_original_rich,temperature_scaling,"(0.394, 0.523]",83578,0.45379181212829467,0.021405154466486397
M1_original_rich,temperature_scaling,"(0.523, 0.729]",83579,0.6168229050422099,0.04060828677060027
M1_original_rich,temperature_scaling,"(0.729, 0.981]",83579,0.8684112599934558,0.07323609997726702
M1_original_rich,temperature_scaling,"(0.981, 1.0]",83579,0.9974157486983717,0.025831847712942245
C1_dynamic_SOFA,raw,"(0.0168, 0.105]",83579,0.08671161719843591,0.0051209035762571934
C1_dynamic_SOFA,raw,"(0.105, 0.128]",83579,0.11634480566293251,0.007214730973091327
C1_dynamic_SOFA,raw,"(0.128, 0.152]",83579,0.14019670605327206,0.009894830041039016
C1_dynamic_SOFA,raw,"(0.152, 0.172]",83578,0.16205193070708898,0.010804278637919069
C1_dynamic_SOFA,raw,"(0.172, 0.196]",83579,0.18339546393280354,0.01036145443233348
C1_dynamic_SOFA,raw,"(0.196, 0.229]",83579,0.21151341483343206,0.01610452386364996
C1_dynamic_SOFA,raw,"(0.229, 0.28]",83578,0.25291942720690913,0.018138744645720167
C1_dynamic_SOFA,raw,"(0.28, 0.37]",83579,0.3203820084571545,0.025891671352851794
C1_dynamic_SOFA,raw,"(0.37, 0.597]",83579,0.4662784678520579,0.034482346043862695
C1_dynamic_SOFA,raw,"(0.597, 0.999]",83579,0.7970750332030824,0.07716053075533327
C1_dynamic_SOFA,intercept_only,"(-0.0006820000000000001, 0.00205]",83579,0.0016684632052908386,0.0051209035762571934
C1_dynamic_SOFA,intercept_only,"(0.00205, 0.00257]",83579,0.0023067228902384526,0.007214730973091327
C1_dynamic_SOFA,intercept_only,"(0.00257, 0.00313]",83579,0.002855018659352683,0.009894830041039016
C1_dynamic_SOFA,intercept_only,"(0.00313, 0.00364]",83578,0.0033839334952135524,0.010804278637919069
C1_dynamic_SOFA,intercept_only,"(0.00364, 0.00425]",83579,0.00392776103276738,0.01036145443233348
C1_dynamic_SOFA,intercept_only,"(0.00425, 0.0052]",83579,0.004689529846526079,0.01610452386364996
C1_dynamic_SOFA,intercept_only,"(0.0052, 0.00679]",83578,0.005915651001472869,0.018138744645720167
C1_dynamic_SOFA,intercept_only,"(0.00679, 0.0102]",83579,0.008242448856353337,0.025891671352851794
C1_dynamic_SOFA,intercept_only,"(0.0102, 0.0253]",83579,0.015605568186154143,0.034482346043862695
C1_dynamic_SOFA,intercept_only,"(0.0253, 0.963]",83579,0.12338008904998883,0.07716053075533327
C1_dynamic_SOFA,logistic_recalibration,"(0.00387, 0.0108]",83579,0.009883110008672794,0.0051209035762571934
C1_dynamic_SOFA,logistic_recalibration,"(0.0108, 0.012]",83579,0.011402744188841069,0.007214730973091327
C1_dynamic_SOFA,logistic_recalibration,"(0.012, 0.013]",83579,0.01249519163788851,0.009894830041039016
C1_dynamic_SOFA,logistic_recalibration,"(0.013, 0.0139]",83578,0.01344045221256841,0.010804278637919069
C1_dynamic_SOFA,logistic_recalibration,"(0.0139, 0.0148]",83579,0.014325665232665354,0.01036145443233348
C1_dynamic_SOFA,logistic_recalibration,"(0.0148, 0.0162]",83579,0.01545180696734142,0.01610452386364996
C1_dynamic_SOFA,logistic_recalibration,"(0.0162, 0.0181]",83578,0.017060270944355502,0.018138744645720167
C1_dynamic_SOFA,logistic_recalibration,"(0.0181, 0.0216]",83579,0.019640285560655953,0.025891671352851794
C1_dynamic_SOFA,logistic_recalibration,"(0.0216, 0.0318]",83579,0.025626574675922036,0.034482346043862695
C1_dynamic_SOFA,logistic_recalibration,"(0.0318, 0.395]",83579,0.05926225890255736,0.07716053075533327
C1_dynamic_SOFA,isotonic,"(-0.000999, 0.00629]",84115,0.0009623404630901718,0.005112048980562325
C1_dynamic_SOFA,isotonic,"(0.00629, 0.00903]",202250,0.009023681548675219,0.008647713226205191
C1_dynamic_SOFA,isotonic,"(0.00903, 0.0136]",110594,0.01353707229302752,0.010977087364594825
C1_dynamic_SOFA,isotonic,"(0.0136, 0.017]",152883,0.01699371620585809,0.01649627492919422
C1_dynamic_SOFA,isotonic,"(0.017, 0.0174]",54806,0.017446993194073567,0.017552822683647776
C1_dynamic_SOFA,isotonic,"(0.0174, 0.0269]",83758,0.02389982152938053,0.02808089973495069
C1_dynamic_SOFA,isotonic,"(0.0269, 0.041]",77657,0.03804685812513506,0.04000927154023462
C1_dynamic_SOFA,isotonic,"(0.041, 1.0]",69725,0.06623478860199758,0.08100394406597347
C1_dynamic_SOFA,temperature_scaling,"(0.00025, 0.0272]",83579,0.01980030285571037,0.0051209035762571934
C1_dynamic_SOFA,temperature_scaling,"(0.0272, 0.0393]",83579,0.03304240579569676,0.007214730973091327
C1_dynamic_SOFA,temperature_scaling,"(0.0393, 0.0536]",83579,0.04650128390524621,0.009894830041039016
C1_dynamic_SOFA,temperature_scaling,"(0.0536, 0.0682]",83578,0.06081864803130582,0.010804278637919069
C1_dynamic_SOFA,temperature_scaling,"(0.0682, 0.0865]",83579,0.0767114526191026,0.01036145443233348
C1_dynamic_SOFA,temperature_scaling,"(0.0865, 0.117]",83579,0.10056964554227019,0.01610452386364996
C1_dynamic_SOFA,temperature_scaling,"(0.117, 0.172]",83578,0.14164598028297118,0.018138744645720167
C1_dynamic_SOFA,temperature_scaling,"(0.172, 0.292]",83579,0.22325695616465463,0.025891671352851794
C1_dynamic_SOFA,temperature_scaling,"(0.292, 0.658]",83579,0.4452807206639945,0.034482346043862695
C1_dynamic_SOFA,temperature_scaling,"(0.658, 1.0]",83579,0.8780403798670713,0.07716053075533327
