特征类别,具体变量,英文变量名,主要临床来源,是否可直接抽取,实时性,部署难度,主要风险点,证据来源文件
时间锚点,距 ICU 入室时间,hours_since_icu_admission,ICU stay / admission 表,是，基于 ICU 入室时间戳派生,固定时间戳 / 小时级派生,低,ADT/ICU 入室时间戳口径差异；需要本地 admission/stay 映射核对,manuscript_assets/tables/Supplementary_Table_S1_P15_Feature_Clinical_Validity.csv; manuscript_assets/figures/data/Figure5_P15_Clinical_Feature_Modules_Data.csv; results_final/clinical_implementation/run_p12_p10_true_training_validation.py
疾病阶段,距脓毒症发作锚点时间,hours_from_anchor,Sepsis-3 电子表型规则,否，需要 Sepsis-3 电子表型推导 t_sepsis 后派生,固定疾病锚点 / 小时级派生,中,t_sepsis 电子表型依赖抗菌药、培养、SOFA 规则；本地实现差异可能影响校准,manuscript_assets/tables/Supplementary_Table_S1_P15_Feature_Clinical_Validity.csv; manuscript_assets/figures/data/Figure5_P15_Clinical_Feature_Modules_Data.csv; results_final/clinical_implementation/run_p12_p10_true_training_validation.py; manuscript_assets/supplement/Supplementary_Dual_Anchor_Definition.md
疾病阶段,是否入室时/接近入室时发生脓毒症,is_sepsis_on_admission,Sepsis-3 电子表型规则,否，需要 Sepsis-3 电子表型推导,固定 cohort 标记,中,入室即脓毒症阈值和锚点窗口定义需本地复核,manuscript_assets/tables/Supplementary_Table_S1_P15_Feature_Clinical_Validity.csv; manuscript_assets/figures/data/Figure5_P15_Clinical_Feature_Modules_Data.csv; results_final/clinical_implementation/run_p12_p10_true_training_validation.py; manuscript_assets/supplement/Supplementary_Dual_Anchor_Definition.md
床旁生命体征,最新心率,heart_rate_latest_value,ICU 监护仪 / 护理 flowsheet,是,近实时或小时级记录,低,人工录入误差、监护仪/护理 flowsheet 字段差异、时间戳不一致,manuscript_assets/tables/Supplementary_Table_S1_P15_Feature_Clinical_Validity.csv; manuscript_assets/figures/data/Figure5_P15_Clinical_Feature_Modules_Data.csv; results_final/clinical_implementation/run_p12_p10_true_training_validation.py
床旁生命体征,最新呼吸频率,respiratory_rate_latest_value,ICU 监护仪 / 护理 flowsheet,是,小时级或护理记录更新,低到中,人工录入误差较心率更常见；护理 flowsheet 和监护仪来源可能不一致,manuscript_assets/tables/Supplementary_Table_S1_P15_Feature_Clinical_Validity.csv; manuscript_assets/figures/data/Figure5_P15_Clinical_Feature_Modules_Data.csv; results_final/clinical_implementation/run_p12_p10_true_training_validation.py
床旁生命体征,最新外周血氧饱和度,spo2_latest_value,ICU 监护仪 / 护理 flowsheet,是,近实时或小时级记录,低,探头质量、吸氧/通气支持状态影响解释；跨库字段命名差异,manuscript_assets/tables/Supplementary_Table_S1_P15_Feature_Clinical_Validity.csv; manuscript_assets/figures/data/Figure5_P15_Clinical_Feature_Modules_Data.csv; results_final/clinical_implementation/run_p12_p10_true_training_validation.py
常规实验室,最新肌酐,creatinine_latest_value,实验室系统,是,间断实验室结果,低,结果报告时间缺失、单位/测量口径需核对、实验室非小时级更新,manuscript_assets/tables/Supplementary_Table_S1_P15_Feature_Clinical_Validity.csv; manuscript_assets/figures/data/Figure5_P15_Clinical_Feature_Modules_Data.csv; results_final/clinical_implementation/run_p12_p10_true_training_validation.py; results_final/clinical_implementation/Lab_Availability_Lookahead_Audit.md
常规实验室,最新尿素氮,bun_latest_value,实验室系统,是,间断实验室结果,低,结果报告时间缺失、单位/测量口径需核对、实验室非小时级更新,manuscript_assets/tables/Supplementary_Table_S1_P15_Feature_Clinical_Validity.csv; manuscript_assets/figures/data/Figure5_P15_Clinical_Feature_Modules_Data.csv; results_final/clinical_implementation/run_p12_p10_true_training_validation.py; results_final/clinical_implementation/Lab_Availability_Lookahead_Audit.md
常规实验室,最新血小板计数,platelet_latest_value,实验室系统,是,间断实验室结果,低,结果报告时间缺失、单位/测量口径需核对、实验室非小时级更新,manuscript_assets/tables/Supplementary_Table_S1_P15_Feature_Clinical_Validity.csv; manuscript_assets/figures/data/Figure5_P15_Clinical_Feature_Modules_Data.csv; results_final/clinical_implementation/run_p12_p10_true_training_validation.py; results_final/clinical_implementation/Lab_Availability_Lookahead_Audit.md
常规实验室,最新白细胞计数,wbc_latest_value,实验室系统,是,间断实验室结果,低,结果报告时间缺失、单位/测量口径需核对、实验室非小时级更新,manuscript_assets/tables/Supplementary_Table_S1_P15_Feature_Clinical_Validity.csv; manuscript_assets/figures/data/Figure5_P15_Clinical_Feature_Modules_Data.csv; results_final/clinical_implementation/run_p12_p10_true_training_validation.py; results_final/clinical_implementation/Lab_Availability_Lookahead_Audit.md
支持强度代理变量,共享支持强度代理总指标,shared_support_intensity_proxy,医嘱系统 / 输液泵 / 呼吸机接口 / CRRT 或透析记录 / 尿量记录 / ICU 专科记录,否，需要字段映射和派生,依赖治疗记录更新,中到高,本地字段映射困难；支持治疗记录不完整；可能存在文档延迟；需要本地再校准,manuscript_assets/tables/Supplementary_Table_S1_P15_Feature_Clinical_Validity.csv; manuscript_assets/figures/data/Figure5_P15_Clinical_Feature_Modules_Data.csv; results_final/clinical_implementation/run_p12_p10_true_training_validation.py; archive/post_metre_reference/metre_transport/Shared_Support_Intensity_Proxy_Definition.md; results_final/clinical_implementation/Proxy_Clinical_Interpretability_Audit.md
支持强度代理变量,血流动力学支持分量,support_hemodynamic_component,治疗支持记录 / 血压相关动态变量,否，需要字段映射和派生,依赖治疗记录和血压动态更新,中到高,MAP 缺口/低 MAP burden 来源和血压口径需核对；不能与 full VIS 混称,manuscript_assets/tables/Supplementary_Table_S1_P15_Feature_Clinical_Validity.csv; manuscript_assets/figures/data/Figure5_P15_Clinical_Feature_Modules_Data.csv; results_final/clinical_implementation/run_p12_p10_true_training_validation.py; archive/post_metre_reference/metre_transport/Shared_Support_Intensity_Proxy_Definition.md; results_final/clinical_implementation/Proxy_Clinical_Interpretability_Audit.md
支持强度代理变量,乳酸/灌注支持分量,support_lactate_component,实验室系统 / 灌注相关动态变量,否，需要字段映射和派生,依赖治疗记录和间断乳酸结果更新,中,乳酸 freshness 依赖强；结果报告时间缺失；抽血频率影响可用性,manuscript_assets/tables/Supplementary_Table_S1_P15_Feature_Clinical_Validity.csv; manuscript_assets/figures/data/Figure5_P15_Clinical_Feature_Modules_Data.csv; results_final/clinical_implementation/run_p12_p10_true_training_validation.py; archive/post_metre_reference/metre_transport/Shared_Support_Intensity_Proxy_Definition.md; results_final/clinical_implementation/Proxy_Clinical_Interpretability_Audit.md
支持强度代理变量,肾脏支持分量,support_renal_component,尿量记录 / CRRT 或透析记录 / 肾功能相关动态变量,否，需要字段映射和派生,依赖尿量/肾功能/支持治疗记录更新,中到高,尿量、肾功能恶化、CRRT/透析记录字段可能不稳定；需要本地映射,manuscript_assets/tables/Supplementary_Table_S1_P15_Feature_Clinical_Validity.csv; manuscript_assets/figures/data/Figure5_P15_Clinical_Feature_Modules_Data.csv; results_final/clinical_implementation/run_p12_p10_true_training_validation.py; archive/post_metre_reference/metre_transport/Shared_Support_Intensity_Proxy_Definition.md; results_final/clinical_implementation/Proxy_Clinical_Interpretability_Audit.md
支持强度代理变量,呼吸支持分量,support_respiratory_component,呼吸机接口 / 呼吸治疗记录 / 护理 flowsheet,否，需要字段映射和派生,依赖呼吸支持状态更新,中到高,FiO2、SpO2、通气状态和呼吸支持升级记录跨系统差异明显,manuscript_assets/tables/Supplementary_Table_S1_P15_Feature_Clinical_Validity.csv; manuscript_assets/figures/data/Figure5_P15_Clinical_Feature_Modules_Data.csv; results_final/clinical_implementation/run_p12_p10_true_training_validation.py; archive/post_metre_reference/metre_transport/Shared_Support_Intensity_Proxy_Definition.md; results_final/clinical_implementation/Proxy_Clinical_Interpretability_Audit.md
