model_or_file,path,exists,row_count,patient_or_stay_n,death_event_n,death_event_rate,id_col,label_col,prediction_col,phenotype_col,usable_for_threshold_specific_performance
M1_internal_rich_reference_model_eicu_external,D:\try\step7_main_modeling\output\pred_main_eicu_external.parquet,True,1051357,8754,22593,0.02148937040415387,patient_id,event_type_24h,predicted_prob_death_24h,phenotype_label,True
M1_internal_rich_reference_model_mimic_test,D:\try\step7_main_modeling\output\pred_main_test_all.parquet,True,1030526,8435,20807,0.020190659915421832,patient_id,event_type_24h,predicted_prob_death_24h,phenotype_label,True
C1_dynamic_SOFA_clinical_comparator_eicu_external,D:\try\step7_main_modeling\output\pred_C1_eicu_external.parquet,True,1051357,8754,22593,0.02148937040415387,patient_id,event_type_24h,predicted_prob_death_24h,phenotype_label,True
C1_dynamic_SOFA_clinical_comparator_mimic_test,D:\try\step7_main_modeling\output\pred_C1_test_all.parquet,True,1030526,8435,20807,0.020190659915421832,patient_id,event_type_24h,predicted_prob_death_24h,phenotype_label,True
C3_no_phenotype_eicu_external,D:\try\step7_main_modeling\output\pred_C3_eicu_external.parquet,True,1051357,8754,22593,0.02148937040415387,patient_id,event_type_24h,predicted_prob_death_24h,phenotype_label,True
C3_no_phenotype_mimic_test,D:\try\step7_main_modeling\output\pred_C3_test_all.parquet,True,1030526,8435,20807,0.020190659915421832,patient_id,event_type_24h,predicted_prob_death_24h,phenotype_label,True
MT3_post_metre_recalibration_eicu_external,D:\try\post_metre_recalibration\pred_MT3_eicu_external.parquet,True,1051357,8754,22593,0.02148937040415387,patient_id,event_type_24h,prob_death_raw,phenotype_label,True
Model_Ready_Test_All,D:\try\step7_main_modeling\output\Model_Ready_Test_All.parquet,True,1030526,8435,20807,0.020190659915421832,patient_id,event_indicator_death_24h,missing_prediction_col,phenotype_label,False
Model_Ready_eICU_External,D:\try\step7_main_modeling\output\Model_Ready_eICU_External.parquet,True,1051357,8754,22593,0.02148937040415387,patient_id,event_indicator_death_24h,missing_prediction_col,phenotype_label,False
