dataset_name,scenario,model_name,bin,n,mean_predicted_death_prob,observed_death_rate,absolute_calibration_error
mimic_internal,current_latest_value_reference,P15_clinically_parsimonious_transport_model,"(0.00422, 0.0811]",103053,0.06390526812722137,0.004289055146380988,0.05961621298084038
mimic_internal,current_latest_value_reference,P15_clinically_parsimonious_transport_model,"(0.0811, 0.106]",103053,0.09384421906099044,0.004609278720658302,0.08923494034033214
mimic_internal,current_latest_value_reference,P15_clinically_parsimonious_transport_model,"(0.106, 0.131]",103052,0.11825627563659603,0.00639482979466677,0.11186144584192927
mimic_internal,current_latest_value_reference,P15_clinically_parsimonious_transport_model,"(0.131, 0.157]",103053,0.1437269519854783,0.007403957187078493,0.13632299479839982
mimic_internal,current_latest_value_reference,P15_clinically_parsimonious_transport_model,"(0.157, 0.189]",103052,0.17271856851470038,0.007792182587431588,0.1649263859272688
mimic_internal,current_latest_value_reference,P15_clinically_parsimonious_transport_model,"(0.189, 0.227]",103053,0.20736407829139297,0.010295673100249387,0.19706840519114358
mimic_internal,current_latest_value_reference,P15_clinically_parsimonious_transport_model,"(0.227, 0.277]",103052,0.25101401026300113,0.013371889919652215,0.23764212034334892
mimic_internal,current_latest_value_reference,P15_clinically_parsimonious_transport_model,"(0.277, 0.351]",103053,0.31187525538242655,0.016690440841120587,0.29518481454130596
mimic_internal,current_latest_value_reference,P15_clinically_parsimonious_transport_model,"(0.351, 0.481]",103052,0.40849595460861354,0.02664674145091798,0.38184921315769554
mimic_internal,current_latest_value_reference,P15_clinically_parsimonious_transport_model,"(0.481, 1.0]",103053,0.6370507509655606,0.10441229270375438,0.5326384582618062
mimic_internal,current_latest_value_reference,P12_true_trained_clinical_landing_model,"(0.00508, 0.0883]",103053,0.07045076300153877,0.004230832678330567,0.0662199303232082
mimic_internal,current_latest_value_reference,P12_true_trained_clinical_landing_model,"(0.0883, 0.114]",103053,0.1014200611082455,0.004259943912355778,0.09716011719588973
mimic_internal,current_latest_value_reference,P12_true_trained_clinical_landing_model,"(0.114, 0.139]",103052,0.12623226339407123,0.00652097969956915,0.11971128369450208
mimic_internal,current_latest_value_reference,P12_true_trained_clinical_landing_model,"(0.139, 0.166]",103053,0.15187299704527935,0.00707402986812611,0.14479896717715324
mimic_internal,current_latest_value_reference,P12_true_trained_clinical_landing_model,"(0.166, 0.197]",103052,0.18088846315482454,0.007792182587431588,0.17309628056739296
mimic_internal,current_latest_value_reference,P12_true_trained_clinical_landing_model,"(0.197, 0.236]",103053,0.2157589495029462,0.01148923369528301,0.20426971580766318
mimic_internal,current_latest_value_reference,P12_true_trained_clinical_landing_model,"(0.236, 0.287]",103052,0.2601277053195351,0.014652796646353298,0.2454749086731818
mimic_internal,current_latest_value_reference,P12_true_trained_clinical_landing_model,"(0.287, 0.362]",103053,0.3219457910445758,0.018281854967832085,0.30366393607674375
mimic_internal,current_latest_value_reference,P12_true_trained_clinical_landing_model,"(0.362, 0.492]",103052,0.4194921034365105,0.027073710359818343,0.39241839307669213
mimic_internal,current_latest_value_reference,P12_true_trained_clinical_landing_model,"(0.492, 1.0]",103053,0.6480248997121612,0.10053079483372633,0.5474941048784349
mimic_internal,current_latest_value_reference,P10_true_trained_ultra_minimal_sensitivity_model,"(0.007970000000000001, 0.0891]",103053,0.07091086509982328,0.004764538635459423,0.06614632646436386
mimic_internal,current_latest_value_reference,P10_true_trained_ultra_minimal_sensitivity_model,"(0.0891, 0.115]",103053,0.10207721070747058,0.00442490757183197,0.09765230313563861
mimic_internal,current_latest_value_reference,P10_true_trained_ultra_minimal_sensitivity_model,"(0.115, 0.139]",103052,0.12684335069620592,0.007035283158017312,0.11980806753818861
mimic_internal,current_latest_value_reference,P10_true_trained_ultra_minimal_sensitivity_model,"(0.139, 0.167]",103053,0.15274589678990225,0.007520402123179335,0.1452254946667229
mimic_internal,current_latest_value_reference,P10_true_trained_ultra_minimal_sensitivity_model,"(0.167, 0.198]",103052,0.18195182262060733,0.008374412917750262,0.17357740970285707
mimic_internal,current_latest_value_reference,P10_true_trained_ultra_minimal_sensitivity_model,"(0.198, 0.237]",103053,0.21699961839561696,0.011780346035535114,0.20521927236008186
mimic_internal,current_latest_value_reference,P10_true_trained_ultra_minimal_sensitivity_model,"(0.237, 0.289]",103052,0.26145902547770034,0.013274851531265768,0.24818417394643458
mimic_internal,current_latest_value_reference,P10_true_trained_ultra_minimal_sensitivity_model,"(0.289, 0.364]",103053,0.3233236510393121,0.018058668840305474,0.3052649821990066
mimic_internal,current_latest_value_reference,P10_true_trained_ultra_minimal_sensitivity_model,"(0.364, 0.493]",103052,0.42088781350003146,0.02729689865310717,0.39359091484692427
mimic_internal,current_latest_value_reference,P10_true_trained_ultra_minimal_sensitivity_model,"(0.493, 1.0]",103053,0.6452616296401169,0.09937604921739299,0.545885580422724
mimic_internal,lab12h_freshness_window,P15_clinically_parsimonious_transport_model,"(0.00519, 0.0862]",103053,0.0681782532450848,0.004677204933383793,0.063501048311701
mimic_internal,lab12h_freshness_window,P15_clinically_parsimonious_transport_model,"(0.0862, 0.111]",103053,0.09882256266202505,0.005666986890240944,0.0931555757717841
mimic_internal,lab12h_freshness_window,P15_clinically_parsimonious_transport_model,"(0.111, 0.135]",103052,0.12254230271052474,0.007006171641501378,0.11553613106902336
mimic_internal,lab12h_freshness_window,P15_clinically_parsimonious_transport_model,"(0.135, 0.16]",103053,0.1470971271115116,0.008131738037708752,0.13896538907380285
mimic_internal,lab12h_freshness_window,P15_clinically_parsimonious_transport_model,"(0.16, 0.19]",103052,0.17445915060462508,0.008869308698521134,0.16558984190610396
mimic_internal,lab12h_freshness_window,P15_clinically_parsimonious_transport_model,"(0.19, 0.226]",103053,0.20698258106225007,0.010150116930123335,0.19683246413212674
mimic_internal,lab12h_freshness_window,P15_clinically_parsimonious_transport_model,"(0.226, 0.273]",103052,0.24816891729537105,0.013653301245972907,0.23451561604939813
mimic_internal,lab12h_freshness_window,P15_clinically_parsimonious_transport_model,"(0.273, 0.343]",103053,0.3052606424794754,0.016457550968918905,0.2888030915105565
mimic_internal,lab12h_freshness_window,P15_clinically_parsimonious_transport_model,"(0.343, 0.467]",103052,0.39716409326819485,0.026336218608081358,0.37082787466011347
mimic_internal,lab12h_freshness_window,P15_clinically_parsimonious_transport_model,"(0.467, 1.0]",103053,0.6205182100054599,0.10095775959942942,0.5195604504060305
mimic_internal,lab12h_freshness_window,P12_true_trained_clinical_landing_model,"(0.00555, 0.095]",103053,0.07580669992400363,0.004609278720658302,0.07119742120334532
mimic_internal,lab12h_freshness_window,P12_true_trained_clinical_landing_model,"(0.095, 0.121]",103053,0.10833316195385742,0.004958613528960826,0.1033745484248966
mimic_internal,lab12h_freshness_window,P12_true_trained_clinical_landing_model,"(0.121, 0.145]",103052,0.13296368829589472,0.007229359934790203,0.1257343283611045
mimic_internal,lab12h_freshness_window,P12_true_trained_clinical_landing_model,"(0.145, 0.172]",103053,0.1582080250953071,0.00804440433563312,0.150163620759674
mimic_internal,lab12h_freshness_window,P12_true_trained_clinical_landing_model,"(0.172, 0.202]",103052,0.1862530608598104,0.00885960485968249,0.1773934560001279
mimic_internal,lab12h_freshness_window,P12_true_trained_clinical_landing_model,"(0.202, 0.239]",103053,0.21968320086522083,0.01144071497190766,0.20824248589331318
mimic_internal,lab12h_freshness_window,P12_true_trained_clinical_landing_model,"(0.239, 0.288]",103052,0.26187297134285525,0.014235531576291581,0.24763743976656366
mimic_internal,lab12h_freshness_window,P12_true_trained_clinical_landing_model,"(0.288, 0.361]",103053,0.32123434185767225,0.01781607522342872,0.30341826663424354
mimic_internal,lab12h_freshness_window,P12_true_trained_clinical_landing_model,"(0.361, 0.49]",103052,0.4177620894709473,0.027947055855296356,0.38981503361565095
mimic_internal,lab12h_freshness_window,P12_true_trained_clinical_landing_model,"(0.49, 1.0]",103053,0.6441040596140083,0.09676574189979913,0.5473383177142092
mimic_internal,lab12h_freshness_window,P10_true_trained_ultra_minimal_sensitivity_model,"(0.00887, 0.0948]",103053,0.0754021697458321,0.005045947231036457,0.07035622251479563
mimic_internal,lab12h_freshness_window,P10_true_trained_ultra_minimal_sensitivity_model,"(0.0948, 0.121]",103053,0.108181999674982,0.005142984677787158,0.10303901499719484
mimic_internal,lab12h_freshness_window,P10_true_trained_ultra_minimal_sensitivity_model,"(0.121, 0.146]",103052,0.13345496120234174,0.007607809649497341,0.1258471515528444
mimic_internal,lab12h_freshness_window,P10_true_trained_ultra_minimal_sensitivity_model,"(0.146, 0.173]",103053,0.1596055279776811,0.008054108080308191,0.15155141989737292
mimic_internal,lab12h_freshness_window,P10_true_trained_ultra_minimal_sensitivity_model,"(0.173, 0.205]",103052,0.1887766558359464,0.009373908318130652,0.17940274751781576
mimic_internal,lab12h_freshness_window,P10_true_trained_ultra_minimal_sensitivity_model,"(0.205, 0.244]",103053,0.22356903910639864,0.011110787652955275,0.21245825145344335
mimic_internal,lab12h_freshness_window,P10_true_trained_ultra_minimal_sensitivity_model,"(0.244, 0.294]",103052,0.2676122522689972,0.01391530489461631,0.2536969473743809
mimic_internal,lab12h_freshness_window,P10_true_trained_ultra_minimal_sensitivity_model,"(0.294, 0.37]",103053,0.3290864955484107,0.018116891308355896,0.31096960424005476
mimic_internal,lab12h_freshness_window,P10_true_trained_ultra_minimal_sensitivity_model,"(0.37, 0.504]",103052,0.4292532710355509,0.027335714008461746,0.40191755702708915
mimic_internal,lab12h_freshness_window,P10_true_trained_ultra_minimal_sensitivity_model,"(0.504, 1.0]",103053,0.6565248285313671,0.09620292470864507,0.560321903822722
mimic_internal,lab24h_freshness_window,P15_clinically_parsimonious_transport_model,"(0.00422, 0.0812]",103053,0.0640008164194781,0.0044152038271569,0.059585612592321195
mimic_internal,lab24h_freshness_window,P15_clinically_parsimonious_transport_model,"(0.0812, 0.106]",103053,0.094058594882029,0.004483130039882391,0.08957546484214661
mimic_internal,lab24h_freshness_window,P15_clinically_parsimonious_transport_model,"(0.106, 0.131]",103052,0.11853039111642195,0.006685944959826108,0.11184444615659585
mimic_internal,lab24h_freshness_window,P15_clinically_parsimonious_transport_model,"(0.131, 0.158]",103053,0.14407786071622444,0.007646550803955246,0.1364313099122692
mimic_internal,lab24h_freshness_window,P15_clinically_parsimonious_transport_model,"(0.158, 0.19]",103052,0.17325579677023178,0.007898924814656679,0.1653568719555751
mimic_internal,lab24h_freshness_window,P15_clinically_parsimonious_transport_model,"(0.19, 0.229]",103053,0.20838635190287108,0.010150116930123335,0.19823623497274775
mimic_internal,lab24h_freshness_window,P15_clinically_parsimonious_transport_model,"(0.229, 0.28]",103052,0.25293115722125364,0.013585374374102396,0.23934578284715124
mimic_internal,lab24h_freshness_window,P15_clinically_parsimonious_transport_model,"(0.28, 0.355]",103053,0.31483402166312063,0.016447847224243837,0.2983861744388768
mimic_internal,lab24h_freshness_window,P15_clinically_parsimonious_transport_model,"(0.355, 0.485]",103052,0.4127353249672841,0.02704459884330241,0.3856907261239817
mimic_internal,lab24h_freshness_window,P15_clinically_parsimonious_transport_model,"(0.485, 1.0]",103053,0.6404046000781807,0.10354865942767313,0.5368559406505076
mimic_internal,lab24h_freshness_window,P12_true_trained_clinical_landing_model,"(0.00508, 0.0893]",103053,0.07104081484128764,0.004259943912355778,0.06678087092893187
mimic_internal,lab24h_freshness_window,P12_true_trained_clinical_landing_model,"(0.0893, 0.115]",103053,0.10262615662097015,0.004259943912355778,0.09836621270861437
mimic_internal,lab24h_freshness_window,P12_true_trained_clinical_landing_model,"(0.115, 0.141]",103052,0.1279482823627831,0.006511275860730505,0.12143700650205261
mimic_internal,lab24h_freshness_window,P12_true_trained_clinical_landing_model,"(0.141, 0.168]",103053,0.15413163559979048,0.0074718833998039845,0.1466597521999865
mimic_internal,lab24h_freshness_window,P12_true_trained_clinical_landing_model,"(0.168, 0.201]",103052,0.18388820622207727,0.007957147847688546,0.17593105837438872
mimic_internal,lab24h_freshness_window,P12_true_trained_clinical_landing_model,"(0.201, 0.241]",103053,0.21980996900987868,0.011188417610355836,0.20862155139952285
mimic_internal,lab24h_freshness_window,P12_true_trained_clinical_landing_model,"(0.241, 0.295]",103052,0.2661181794692602,0.014516942902612273,0.2516012365666479
mimic_internal,lab24h_freshness_window,P12_true_trained_clinical_landing_model,"(0.295, 0.374]",103053,0.3312539243068178,0.017981038882904914,0.3132728854239129
mimic_internal,lab24h_freshness_window,P12_true_trained_clinical_landing_model,"(0.374, 0.509]",103052,0.4336846860893475,0.027879128983425844,0.4058055571059217
mimic_internal,lab24h_freshness_window,P12_true_trained_clinical_landing_model,"(0.509, 1.0]",103053,0.6619007832024779,0.09988064394049664,0.5620201392619812
mimic_internal,lab24h_freshness_window,P10_true_trained_ultra_minimal_sensitivity_model,"(0.007970000000000001, 0.0901]",103053,0.0715016338603209,0.004677204933383793,0.06682442892693712
mimic_internal,lab24h_freshness_window,P10_true_trained_ultra_minimal_sensitivity_model,"(0.0901, 0.116]",103053,0.10341507462582637,0.00445401880585718,0.0989610558199692
mimic_internal,lab24h_freshness_window,P10_true_trained_ultra_minimal_sensitivity_model,"(0.116, 0.142]",103052,0.12886215237482906,0.007248767612467492,0.12161338476236157
mimic_internal,lab24h_freshness_window,P10_true_trained_ultra_minimal_sensitivity_model,"(0.142, 0.17]",103053,0.15549754642807492,0.007500994633829194,0.14799655179424573
mimic_internal,lab24h_freshness_window,P10_true_trained_ultra_minimal_sensitivity_model,"(0.17, 0.203]",103052,0.1857129546477647,0.008743158793618755,0.17696979585414593
mimic_internal,lab24h_freshness_window,P10_true_trained_ultra_minimal_sensitivity_model,"(0.203, 0.243]",103053,0.22224180957886677,0.011188417610355836,0.21105339196851094
mimic_internal,lab24h_freshness_window,P10_true_trained_ultra_minimal_sensitivity_model,"(0.243, 0.298]",103052,0.2691982918937219,0.0140220471218414,0.2551762447718805
mimic_internal,lab24h_freshness_window,P10_true_trained_ultra_minimal_sensitivity_model,"(0.298, 0.378]",103053,0.33494378366389593,0.01774814901070323,0.3171956346531927
mimic_internal,lab24h_freshness_window,P10_true_trained_ultra_minimal_sensitivity_model,"(0.378, 0.517]",103052,0.4398397086651325,0.02846135931374452,0.411378349351388
mimic_internal,lab24h_freshness_window,P10_true_trained_ultra_minimal_sensitivity_model,"(0.517, 1.0]",103053,0.6677794830484026,0.09786226504808206,0.5699172180003206
mimic_internal,stale_lab_as_missing,P15_clinically_parsimonious_transport_model,"(0.00519, 0.0862]",103053,0.0681782532450848,0.004677204933383793,0.063501048311701
mimic_internal,stale_lab_as_missing,P15_clinically_parsimonious_transport_model,"(0.0862, 0.111]",103053,0.09882256266202505,0.005666986890240944,0.0931555757717841
mimic_internal,stale_lab_as_missing,P15_clinically_parsimonious_transport_model,"(0.111, 0.135]",103052,0.12254230271052474,0.007006171641501378,0.11553613106902336
mimic_internal,stale_lab_as_missing,P15_clinically_parsimonious_transport_model,"(0.135, 0.16]",103053,0.1470971271115116,0.008131738037708752,0.13896538907380285
mimic_internal,stale_lab_as_missing,P15_clinically_parsimonious_transport_model,"(0.16, 0.19]",103052,0.17445915060462508,0.008869308698521134,0.16558984190610396
mimic_internal,stale_lab_as_missing,P15_clinically_parsimonious_transport_model,"(0.19, 0.226]",103053,0.20698258106225007,0.010150116930123335,0.19683246413212674
mimic_internal,stale_lab_as_missing,P15_clinically_parsimonious_transport_model,"(0.226, 0.273]",103052,0.24816891729537105,0.013653301245972907,0.23451561604939813
mimic_internal,stale_lab_as_missing,P15_clinically_parsimonious_transport_model,"(0.273, 0.343]",103053,0.3052606424794754,0.016457550968918905,0.2888030915105565
mimic_internal,stale_lab_as_missing,P15_clinically_parsimonious_transport_model,"(0.343, 0.467]",103052,0.39716409326819485,0.026336218608081358,0.37082787466011347
mimic_internal,stale_lab_as_missing,P15_clinically_parsimonious_transport_model,"(0.467, 1.0]",103053,0.6205182100054599,0.10095775959942942,0.5195604504060305
mimic_internal,stale_lab_as_missing,P12_true_trained_clinical_landing_model,"(0.00555, 0.095]",103053,0.07580669992400363,0.004609278720658302,0.07119742120334532
mimic_internal,stale_lab_as_missing,P12_true_trained_clinical_landing_model,"(0.095, 0.121]",103053,0.10833316195385742,0.004958613528960826,0.1033745484248966
mimic_internal,stale_lab_as_missing,P12_true_trained_clinical_landing_model,"(0.121, 0.145]",103052,0.13296368829589472,0.007229359934790203,0.1257343283611045
mimic_internal,stale_lab_as_missing,P12_true_trained_clinical_landing_model,"(0.145, 0.172]",103053,0.1582080250953071,0.00804440433563312,0.150163620759674
mimic_internal,stale_lab_as_missing,P12_true_trained_clinical_landing_model,"(0.172, 0.202]",103052,0.1862530608598104,0.00885960485968249,0.1773934560001279
mimic_internal,stale_lab_as_missing,P12_true_trained_clinical_landing_model,"(0.202, 0.239]",103053,0.21968320086522083,0.01144071497190766,0.20824248589331318
mimic_internal,stale_lab_as_missing,P12_true_trained_clinical_landing_model,"(0.239, 0.288]",103052,0.26187297134285525,0.014235531576291581,0.24763743976656366
mimic_internal,stale_lab_as_missing,P12_true_trained_clinical_landing_model,"(0.288, 0.361]",103053,0.32123434185767225,0.01781607522342872,0.30341826663424354
mimic_internal,stale_lab_as_missing,P12_true_trained_clinical_landing_model,"(0.361, 0.49]",103052,0.4177620894709473,0.027947055855296356,0.38981503361565095
mimic_internal,stale_lab_as_missing,P12_true_trained_clinical_landing_model,"(0.49, 1.0]",103053,0.6441040596140083,0.09676574189979913,0.5473383177142092
mimic_internal,stale_lab_as_missing,P10_true_trained_ultra_minimal_sensitivity_model,"(0.00887, 0.0948]",103053,0.0754021697458321,0.005045947231036457,0.07035622251479563
mimic_internal,stale_lab_as_missing,P10_true_trained_ultra_minimal_sensitivity_model,"(0.0948, 0.121]",103053,0.108181999674982,0.005142984677787158,0.10303901499719484
mimic_internal,stale_lab_as_missing,P10_true_trained_ultra_minimal_sensitivity_model,"(0.121, 0.146]",103052,0.13345496120234174,0.007607809649497341,0.1258471515528444
mimic_internal,stale_lab_as_missing,P10_true_trained_ultra_minimal_sensitivity_model,"(0.146, 0.173]",103053,0.1596055279776811,0.008054108080308191,0.15155141989737292
mimic_internal,stale_lab_as_missing,P10_true_trained_ultra_minimal_sensitivity_model,"(0.173, 0.205]",103052,0.1887766558359464,0.009373908318130652,0.17940274751781576
mimic_internal,stale_lab_as_missing,P10_true_trained_ultra_minimal_sensitivity_model,"(0.205, 0.244]",103053,0.22356903910639864,0.011110787652955275,0.21245825145344335
mimic_internal,stale_lab_as_missing,P10_true_trained_ultra_minimal_sensitivity_model,"(0.244, 0.294]",103052,0.2676122522689972,0.01391530489461631,0.2536969473743809
mimic_internal,stale_lab_as_missing,P10_true_trained_ultra_minimal_sensitivity_model,"(0.294, 0.37]",103053,0.3290864955484107,0.018116891308355896,0.31096960424005476
mimic_internal,stale_lab_as_missing,P10_true_trained_ultra_minimal_sensitivity_model,"(0.37, 0.504]",103052,0.4292532710355509,0.027335714008461746,0.40191755702708915
mimic_internal,stale_lab_as_missing,P10_true_trained_ultra_minimal_sensitivity_model,"(0.504, 1.0]",103053,0.6565248285313671,0.09620292470864507,0.560321903822722
eicu_external,current_latest_value_reference,P15_clinically_parsimonious_transport_model,"(0.013500000000000002, 0.0872]",105136,0.06797544092115117,0.0025585907776594125,0.06541685014349176
eicu_external,current_latest_value_reference,P15_clinically_parsimonious_transport_model,"(0.0872, 0.115]",105136,0.10130521508776039,0.004375285344696393,0.096929929743064
eicu_external,current_latest_value_reference,P15_clinically_parsimonious_transport_model,"(0.115, 0.14]",105135,0.1271788761584527,0.006001807200266324,0.12117706895818636
eicu_external,current_latest_value_reference,P15_clinically_parsimonious_transport_model,"(0.14, 0.166]",105136,0.15241118862066047,0.007770887231775985,0.14464030138888448
eicu_external,current_latest_value_reference,P15_clinically_parsimonious_transport_model,"(0.166, 0.194]",105136,0.17958373246243275,0.008902754527469183,0.17068097793496356
eicu_external,current_latest_value_reference,P15_clinically_parsimonious_transport_model,"(0.194, 0.228]",105135,0.21061430468846692,0.011470965900984448,0.19914333878748247
eicu_external,current_latest_value_reference,P15_clinically_parsimonious_transport_model,"(0.228, 0.272]",105136,0.24869864222193946,0.014115050981585756,0.23458359124035372
eicu_external,current_latest_value_reference,P15_clinically_parsimonious_transport_model,"(0.272, 0.335]",105135,0.30090146386962957,0.017035240405193323,0.28386622346443624
eicu_external,current_latest_value_reference,P15_clinically_parsimonious_transport_model,"(0.335, 0.46]",105136,0.3889512997852461,0.026879470400243494,0.3620718293850026
eicu_external,current_latest_value_reference,P15_clinically_parsimonious_transport_model,"(0.46, 1.0]",105136,0.632130391919153,0.11578336630649826,0.5163470256126548
eicu_external,current_latest_value_reference,P12_true_trained_clinical_landing_model,"(0.0157, 0.0981]",105136,0.07693146573589207,0.0027297975954953583,0.07420166814039672
eicu_external,current_latest_value_reference,P12_true_trained_clinical_landing_model,"(0.0981, 0.128]",105136,0.1134347338954979,0.004451377263734592,0.1089833566317633
eicu_external,current_latest_value_reference,P12_true_trained_clinical_landing_model,"(0.128, 0.155]",105135,0.14158624800402259,0.006667617824701574,0.13491863017932101
eicu_external,current_latest_value_reference,P12_true_trained_clinical_landing_model,"(0.155, 0.183]",105136,0.16881771899529321,0.008103789377568102,0.16071392961772513
eicu_external,current_latest_value_reference,P12_true_trained_clinical_landing_model,"(0.183, 0.214]",105136,0.19817259256653416,0.009159564754223101,0.18901302781231105
eicu_external,current_latest_value_reference,P12_true_trained_clinical_landing_model,"(0.214, 0.251]",105135,0.23181735576957285,0.011442431159937224,0.22037492460963562
eicu_external,current_latest_value_reference,P12_true_trained_clinical_landing_model,"(0.251, 0.297]",105136,0.2728718163035131,0.014048470552427332,0.2588233457510858
eicu_external,current_latest_value_reference,P12_true_trained_clinical_landing_model,"(0.297, 0.365]",105135,0.3285285539004726,0.018024444761497123,0.31050410913897547
eicu_external,current_latest_value_reference,P12_true_trained_clinical_landing_model,"(0.365, 0.491]",105136,0.4205805644628022,0.02772599299954345,0.39285457146325875
eicu_external,current_latest_value_reference,P12_true_trained_clinical_landing_model,"(0.491, 1.0]",105136,0.6514388859296795,0.11253994825749505,0.5388989376721844
eicu_external,current_latest_value_reference,P10_true_trained_ultra_minimal_sensitivity_model,"(0.014599999999999998, 0.0967]",105136,0.07594264013068325,0.0030531882514077003,0.07288945187927555
eicu_external,current_latest_value_reference,P10_true_trained_ultra_minimal_sensitivity_model,"(0.0967, 0.126]",105136,0.11155153702699205,0.005155227514837924,0.10639630951215413
eicu_external,current_latest_value_reference,P10_true_trained_ultra_minimal_sensitivity_model,"(0.126, 0.152]",105135,0.1389622250613979,0.006591525181908974,0.13237069987948893
eicu_external,current_latest_value_reference,P10_true_trained_ultra_minimal_sensitivity_model,"(0.152, 0.179]",105136,0.1655203421670872,0.008075254907928778,0.1574450872591584
eicu_external,current_latest_value_reference,P10_true_trained_ultra_minimal_sensitivity_model,"(0.179, 0.209]",105136,0.19394771672231503,0.009321260082179273,0.18462645664013577
eicu_external,current_latest_value_reference,P10_true_trained_ultra_minimal_sensitivity_model,"(0.209, 0.245]",105135,0.22659046776177189,0.011946544918438199,0.2146439228433337
eicu_external,current_latest_value_reference,P10_true_trained_ultra_minimal_sensitivity_model,"(0.245, 0.291]",105136,0.26680389408152694,0.013905798204230711,0.2528980958772962
eicu_external,current_latest_value_reference,P10_true_trained_ultra_minimal_sensitivity_model,"(0.291, 0.358]",105135,0.3215337628585706,0.018718790126979596,0.302814972731591
eicu_external,current_latest_value_reference,P10_true_trained_ultra_minimal_sensitivity_model,"(0.358, 0.482]",105136,0.412610143987255,0.02824912494293106,0.3843610190443239
eicu_external,current_latest_value_reference,P10_true_trained_ultra_minimal_sensitivity_model,"(0.482, 1.0]",105136,0.6395981520636972,0.10987673109115811,0.529721420972539
eicu_external,lab12h_freshness_window,P15_clinically_parsimonious_transport_model,"(0.0142, 0.0886]",105136,0.07020010911429848,0.0034241363567189165,0.06677597275757957
eicu_external,lab12h_freshness_window,P15_clinically_parsimonious_transport_model,"(0.0886, 0.113]",105136,0.10129502722992127,0.005706893927864861,0.09558813330205641
eicu_external,lab12h_freshness_window,P15_clinically_parsimonious_transport_model,"(0.113, 0.135]",105135,0.12426766360760878,0.007561706377514624,0.11670595723009417
eicu_external,lab12h_freshness_window,P15_clinically_parsimonious_transport_model,"(0.135, 0.158]",105136,0.14644793413118334,0.00939735200121747,0.13705058212996588
eicu_external,lab12h_freshness_window,P15_clinically_parsimonious_transport_model,"(0.158, 0.183]",105136,0.17010273783898638,0.010529219296910667,0.15957351854207572
eicu_external,lab12h_freshness_window,P15_clinically_parsimonious_transport_model,"(0.183, 0.212]",105135,0.19697902132028913,0.012032149141579873,0.18494687217870925
eicu_external,lab12h_freshness_window,P15_clinically_parsimonious_transport_model,"(0.212, 0.25]",105136,0.23002102181226133,0.014219677370263278,0.21580134444199806
eicu_external,lab12h_freshness_window,P15_clinically_parsimonious_transport_model,"(0.25, 0.305]",105135,0.2751215099261104,0.018604651162790697,0.2565168587633197
eicu_external,lab12h_freshness_window,P15_clinically_parsimonious_transport_model,"(0.305, 0.415]",105136,0.3518498964763859,0.02647047633541318,0.32537942014097276
eicu_external,lab12h_freshness_window,P15_clinically_parsimonious_transport_model,"(0.415, 1.0]",105136,0.5871361234359178,0.10694719220818749,0.4801889312277303
eicu_external,lab12h_freshness_window,P12_true_trained_clinical_landing_model,"(0.0165, 0.1]",105136,0.07963140863087056,0.0036999695632323848,0.07593143906763818
eicu_external,lab12h_freshness_window,P12_true_trained_clinical_landing_model,"(0.1, 0.127]",105136,0.11382211838596133,0.005840054786181707,0.10798206359977963
eicu_external,lab12h_freshness_window,P12_true_trained_clinical_landing_model,"(0.127, 0.151]",105135,0.13892982076662802,0.007980215912873925,0.1309496048537541
eicu_external,lab12h_freshness_window,P12_true_trained_clinical_landing_model,"(0.151, 0.176]",105136,0.1631189369822019,0.009359306041698372,0.15375963094050352
eicu_external,lab12h_freshness_window,P12_true_trained_clinical_landing_model,"(0.176, 0.203]",105136,0.188790742371174,0.010843098462943235,0.17794764390823076
eicu_external,lab12h_freshness_window,P12_true_trained_clinical_landing_model,"(0.203, 0.235]",105135,0.21816912698229932,0.013382793551148523,0.2047863334311508
eicu_external,lab12h_freshness_window,P12_true_trained_clinical_landing_model,"(0.235, 0.276]",105136,0.2541073799225687,0.015047176989803682,0.23906020293276503
eicu_external,lab12h_freshness_window,P12_true_trained_clinical_landing_model,"(0.276, 0.336]",105135,0.3030554303652136,0.017900794216959146,0.2851546361482544
eicu_external,lab12h_freshness_window,P12_true_trained_clinical_landing_model,"(0.336, 0.455]",105136,0.38693636162953937,0.027706970019783898,0.3592293916097555
eicu_external,lab12h_freshness_window,P12_true_trained_clinical_landing_model,"(0.455, 1.0]",105136,0.6221327474454984,0.1031330847663978,0.5189996626791006
eicu_external,lab12h_freshness_window,P10_true_trained_ultra_minimal_sensitivity_model,"(0.0174, 0.0977]",105136,0.07770300737639343,0.003766549992390808,0.07393645738400263
eicu_external,lab12h_freshness_window,P10_true_trained_ultra_minimal_sensitivity_model,"(0.0977, 0.125]",105136,0.11164629267765712,0.006039796073656977,0.10560649660400014
eicu_external,lab12h_freshness_window,P10_true_trained_ultra_minimal_sensitivity_model,"(0.125, 0.149]",105135,0.13692953743125977,0.008256051742997098,0.12867348568826267
eicu_external,lab12h_freshness_window,P10_true_trained_ultra_minimal_sensitivity_model,"(0.149, 0.174]",105136,0.1613733173163219,0.008912266017348958,0.15246105129897294
eicu_external,lab12h_freshness_window,P10_true_trained_ultra_minimal_sensitivity_model,"(0.174, 0.201]",105136,0.18735757954709278,0.010824075483183686,0.1765335040639091
eicu_external,lab12h_freshness_window,P10_true_trained_ultra_minimal_sensitivity_model,"(0.201, 0.234]",105135,0.21698398026913318,0.013078422979978124,0.20390555728915505
eicu_external,lab12h_freshness_window,P10_true_trained_ultra_minimal_sensitivity_model,"(0.234, 0.275]",105136,0.2535156921466676,0.015551285953431745,0.23796440619323583
eicu_external,lab12h_freshness_window,P10_true_trained_ultra_minimal_sensitivity_model,"(0.275, 0.337]",105135,0.30344053221198397,0.01881390593047035,0.28462662628151364
eicu_external,lab12h_freshness_window,P10_true_trained_ultra_minimal_sensitivity_model,"(0.337, 0.461]",105136,0.39011770496617376,0.02758332065134683,0.36253438431482693
eicu_external,lab12h_freshness_window,P10_true_trained_ultra_minimal_sensitivity_model,"(0.461, 1.0]",105136,0.6292127379278399,0.10206779789986303,0.5271449400279768
eicu_external,lab24h_freshness_window,P15_clinically_parsimonious_transport_model,"(0.013500000000000002, 0.0869]",105136,0.06775787400309062,0.002634682696697611,0.065123191306393
eicu_external,lab24h_freshness_window,P15_clinically_parsimonious_transport_model,"(0.0869, 0.114]",105136,0.10084188152548239,0.004403819814335718,0.09643806171114667
eicu_external,lab24h_freshness_window,P15_clinically_parsimonious_transport_model,"(0.114, 0.139]",105135,0.12656392141807352,0.005973272459219099,0.12059064895885442
eicu_external,lab24h_freshness_window,P15_clinically_parsimonious_transport_model,"(0.139, 0.165]",105136,0.15159582307316583,0.007704306802617562,0.14389151627054828
eicu_external,lab24h_freshness_window,P15_clinically_parsimonious_transport_model,"(0.165, 0.193]",105136,0.17860619140542597,0.009368817531578146,0.16923737387384782
eicu_external,lab24h_freshness_window,P15_clinically_parsimonious_transport_model,"(0.193, 0.227]",105135,0.20954039472431393,0.011394873258191848,0.19814552146612208
eicu_external,lab24h_freshness_window,P15_clinically_parsimonious_transport_model,"(0.227, 0.27]",105136,0.24750406346194914,0.014505022066656522,0.23299904139529262
eicu_external,lab24h_freshness_window,P15_clinically_parsimonious_transport_model,"(0.27, 0.334]",105135,0.29950375839789484,0.017016217244495174,0.2824875411533997
eicu_external,lab24h_freshness_window,P15_clinically_parsimonious_transport_model,"(0.334, 0.458]",105136,0.3872659448209491,0.02717432658651651,0.3600916182344326
eicu_external,lab24h_freshness_window,P15_clinically_parsimonious_transport_model,"(0.458, 1.0]",105136,0.6299232018751344,0.11471807943996347,0.5152051224351709
eicu_external,lab24h_freshness_window,P12_true_trained_clinical_landing_model,"(0.0157, 0.0979]",105136,0.07680388409161137,0.0028344239841728808,0.07396946010743849
eicu_external,lab24h_freshness_window,P12_true_trained_clinical_landing_model,"(0.0979, 0.128]",105136,0.11318447648711594,0.004318216405417744,0.1088662600816982
eicu_external,lab24h_freshness_window,P12_true_trained_clinical_landing_model,"(0.128, 0.155]",105135,0.14127977359354696,0.006448851476672849,0.1348309221168741
eicu_external,lab24h_freshness_window,P12_true_trained_clinical_landing_model,"(0.155, 0.183]",105136,0.16847031051439823,0.00816085831684675,0.1603094521975515
eicu_external,lab24h_freshness_window,P12_true_trained_clinical_landing_model,"(0.183, 0.214]",105136,0.19780874289070904,0.009521001369654543,0.1882877415210545
eicu_external,lab24h_freshness_window,P12_true_trained_clinical_landing_model,"(0.214, 0.251]",105135,0.23153685782813563,0.012013125980881724,0.2195237318472539
eicu_external,lab24h_freshness_window,P12_true_trained_clinical_landing_model,"(0.251, 0.298]",105136,0.2728543235375254,0.014019936082788008,0.2588343874547374
eicu_external,lab24h_freshness_window,P12_true_trained_clinical_landing_model,"(0.298, 0.368]",105135,0.32991660547468166,0.01813858372568602,0.31177802174899566
eicu_external,lab24h_freshness_window,P12_true_trained_clinical_landing_model,"(0.368, 0.502]",105136,0.42659933260917016,0.029380992238624257,0.3972183403705459
eicu_external,lab24h_freshness_window,P12_true_trained_clinical_landing_model,"(0.502, 1.0]",105136,0.6632095773382959,0.11005744939887384,0.553152127939422
eicu_external,lab24h_freshness_window,P10_true_trained_ultra_minimal_sensitivity_model,"(0.014599999999999998, 0.0964]",105136,0.07577759231055471,0.0030531882514077003,0.07272440405914701
eicu_external,lab24h_freshness_window,P10_true_trained_ultra_minimal_sensitivity_model,"(0.0964, 0.125]",105136,0.11130761594358234,0.005041089636280627,0.10626652630730171
eicu_external,lab24h_freshness_window,P10_true_trained_ultra_minimal_sensitivity_model,"(0.125, 0.152]",105135,0.13870939896914092,0.006363247253531174,0.13234615171560973
eicu_external,lab24h_freshness_window,P10_true_trained_ultra_minimal_sensitivity_model,"(0.152, 0.179]",105136,0.16528982354568741,0.008170369806726526,0.15711945373896088
eicu_external,lab24h_freshness_window,P10_true_trained_ultra_minimal_sensitivity_model,"(0.179, 0.209]",105136,0.19387184271590774,0.009521001369654543,0.1843508413462532
eicu_external,lab24h_freshness_window,P10_true_trained_ultra_minimal_sensitivity_model,"(0.209, 0.245]",105135,0.22674854835729338,0.012336519712750273,0.21441202864454312
eicu_external,lab24h_freshness_window,P10_true_trained_ultra_minimal_sensitivity_model,"(0.245, 0.292]",105136,0.26762546331885834,0.014210165880383503,0.25341529743847485
eicu_external,lab24h_freshness_window,P10_true_trained_ultra_minimal_sensitivity_model,"(0.292, 0.363]",105135,0.32411027190507574,0.01930850810862225,0.3048017637964535
eicu_external,lab24h_freshness_window,P10_true_trained_ultra_minimal_sensitivity_model,"(0.363, 0.499]",105136,0.4222330476629333,0.029523664586820878,0.3927093830761124
eicu_external,lab24h_freshness_window,P10_true_trained_ultra_minimal_sensitivity_model,"(0.499, 1.0]",105136,0.6610951862124053,0.10736569776289757,0.5537294884495076
eicu_external,stale_lab_as_missing,P15_clinically_parsimonious_transport_model,"(0.0142, 0.0886]",105136,0.07020010911429848,0.0034241363567189165,0.06677597275757957
eicu_external,stale_lab_as_missing,P15_clinically_parsimonious_transport_model,"(0.0886, 0.113]",105136,0.10129502722992127,0.005706893927864861,0.09558813330205641
eicu_external,stale_lab_as_missing,P15_clinically_parsimonious_transport_model,"(0.113, 0.135]",105135,0.12426766360760878,0.007561706377514624,0.11670595723009417
eicu_external,stale_lab_as_missing,P15_clinically_parsimonious_transport_model,"(0.135, 0.158]",105136,0.14644793413118334,0.00939735200121747,0.13705058212996588
eicu_external,stale_lab_as_missing,P15_clinically_parsimonious_transport_model,"(0.158, 0.183]",105136,0.17010273783898638,0.010529219296910667,0.15957351854207572
eicu_external,stale_lab_as_missing,P15_clinically_parsimonious_transport_model,"(0.183, 0.212]",105135,0.19697902132028913,0.012032149141579873,0.18494687217870925
eicu_external,stale_lab_as_missing,P15_clinically_parsimonious_transport_model,"(0.212, 0.25]",105136,0.23002102181226133,0.014219677370263278,0.21580134444199806
eicu_external,stale_lab_as_missing,P15_clinically_parsimonious_transport_model,"(0.25, 0.305]",105135,0.2751215099261104,0.018604651162790697,0.2565168587633197
eicu_external,stale_lab_as_missing,P15_clinically_parsimonious_transport_model,"(0.305, 0.415]",105136,0.3518498964763859,0.02647047633541318,0.32537942014097276
eicu_external,stale_lab_as_missing,P15_clinically_parsimonious_transport_model,"(0.415, 1.0]",105136,0.5871361234359178,0.10694719220818749,0.4801889312277303
eicu_external,stale_lab_as_missing,P12_true_trained_clinical_landing_model,"(0.0165, 0.1]",105136,0.07963140863087056,0.0036999695632323848,0.07593143906763818
eicu_external,stale_lab_as_missing,P12_true_trained_clinical_landing_model,"(0.1, 0.127]",105136,0.11382211838596133,0.005840054786181707,0.10798206359977963
eicu_external,stale_lab_as_missing,P12_true_trained_clinical_landing_model,"(0.127, 0.151]",105135,0.13892982076662802,0.007980215912873925,0.1309496048537541
eicu_external,stale_lab_as_missing,P12_true_trained_clinical_landing_model,"(0.151, 0.176]",105136,0.1631189369822019,0.009359306041698372,0.15375963094050352
eicu_external,stale_lab_as_missing,P12_true_trained_clinical_landing_model,"(0.176, 0.203]",105136,0.188790742371174,0.010843098462943235,0.17794764390823076
eicu_external,stale_lab_as_missing,P12_true_trained_clinical_landing_model,"(0.203, 0.235]",105135,0.21816912698229932,0.013382793551148523,0.2047863334311508
eicu_external,stale_lab_as_missing,P12_true_trained_clinical_landing_model,"(0.235, 0.276]",105136,0.2541073799225687,0.015047176989803682,0.23906020293276503
eicu_external,stale_lab_as_missing,P12_true_trained_clinical_landing_model,"(0.276, 0.336]",105135,0.3030554303652136,0.017900794216959146,0.2851546361482544
eicu_external,stale_lab_as_missing,P12_true_trained_clinical_landing_model,"(0.336, 0.455]",105136,0.38693636162953937,0.027706970019783898,0.3592293916097555
eicu_external,stale_lab_as_missing,P12_true_trained_clinical_landing_model,"(0.455, 1.0]",105136,0.6221327474454984,0.1031330847663978,0.5189996626791006
eicu_external,stale_lab_as_missing,P10_true_trained_ultra_minimal_sensitivity_model,"(0.0174, 0.0977]",105136,0.07770300737639343,0.003766549992390808,0.07393645738400263
eicu_external,stale_lab_as_missing,P10_true_trained_ultra_minimal_sensitivity_model,"(0.0977, 0.125]",105136,0.11164629267765712,0.006039796073656977,0.10560649660400014
eicu_external,stale_lab_as_missing,P10_true_trained_ultra_minimal_sensitivity_model,"(0.125, 0.149]",105135,0.13692953743125977,0.008256051742997098,0.12867348568826267
eicu_external,stale_lab_as_missing,P10_true_trained_ultra_minimal_sensitivity_model,"(0.149, 0.174]",105136,0.1613733173163219,0.008912266017348958,0.15246105129897294
eicu_external,stale_lab_as_missing,P10_true_trained_ultra_minimal_sensitivity_model,"(0.174, 0.201]",105136,0.18735757954709278,0.010824075483183686,0.1765335040639091
eicu_external,stale_lab_as_missing,P10_true_trained_ultra_minimal_sensitivity_model,"(0.201, 0.234]",105135,0.21698398026913318,0.013078422979978124,0.20390555728915505
eicu_external,stale_lab_as_missing,P10_true_trained_ultra_minimal_sensitivity_model,"(0.234, 0.275]",105136,0.2535156921466676,0.015551285953431745,0.23796440619323583
eicu_external,stale_lab_as_missing,P10_true_trained_ultra_minimal_sensitivity_model,"(0.275, 0.337]",105135,0.30344053221198397,0.01881390593047035,0.28462662628151364
eicu_external,stale_lab_as_missing,P10_true_trained_ultra_minimal_sensitivity_model,"(0.337, 0.461]",105136,0.39011770496617376,0.02758332065134683,0.36253438431482693
eicu_external,stale_lab_as_missing,P10_true_trained_ultra_minimal_sensitivity_model,"(0.461, 1.0]",105136,0.6292127379278399,0.10206779789986303,0.5271449400279768
